symbol,timestamp_est,open,high,low,close,volume,trade_count,vwap
QQQ,2020-07-27T00:00:00-04:00,257.2,260.52,256.5,260.12,289367,1950,258.93035
QQQ,2020-07-28T00:00:00-04:00,259.56,259.77,256.54,256.82,209178,1679,258.358951
QQQ,2020-07-29T00:00:00-04:00,258.36,260.64,257.99,259.86,177841,1332,259.413581
QQQ,2020-07-30T00:00:00-04:00,257.615,261.675,256.61,261.2,546880,2436,260.082635
QQQ,2020-07-31T00:00:00-04:00,265.73,265.8,260.89,265.8,394093,2312,263.676399
QQQ,2020-08-03T00:00:00-04:00,268.04,270.15,267.885,269.34,349307,1961,269.33652
QQQ,2020-08-04T00:00:00-04:00,269.04,270.42,268.105,270.42,237010,1598,269.446377
QQQ,2020-08-05T00:00:00-04:00,270.91,271.52,270,271.1,169295,1324,270.942324
QQQ,2020-08-06T00:00:00-04:00,270.94,274.94,270.21,274.585,241000,1513,273.292983
QQQ,2020-08-07T00:00:00-04:00,274.02,274.85,269.26,271.56,396540,2276,271.43463
QQQ,2020-08-10T00:00:00-04:00,271.76,271.955,266.755,270.3,312242,2083,269.360547
QQQ,2020-08-11T00:00:00-04:00,269.11,270.435,264.68,265.22,432241,2555,268.125527
QQQ,2020-08-12T00:00:00-04:00,267.49,272.82,267.47,271.92,381621,2111,271.279367
QQQ,2020-08-13T00:00:00-04:00,272.725,274.72,271.58,272.46,338133,2127,273.354033
QQQ,2020-08-14T00:00:00-04:00,273.08,273.38,270.77,272.16,212507,1835,271.912955
QQQ,2020-08-17T00:00:00-04:00,273.95,275.66,273.76,275.32,358311,2079,274.870082
QQQ,2020-08-18T00:00:00-04:00,276.36,278.465,275.03,278,255755,1561,277.370036
QQQ,2020-08-19T00:00:00-04:00,277.93,278.99,275.72,276.2,263030,1853,277.471096
QQQ,2020-08-20T00:00:00-04:00,275.19,280.425,275.03,279.88,269779,1909,278.555504
QQQ,2020-08-21T00:00:00-04:00,280.07,282.27,279.53,281.88,209244,1325,281.112628
QQQ,2020-08-24T00:00:00-04:00,285.105,285.975,281.37,283.56,327008,2303,283.60259
QQQ,2020-08-25T00:00:00-04:00,283.055,285.92,282.38,285.86,320887,1718,284.531098
QQQ,2020-08-26T00:00:00-04:00,287.21,292.1,287.005,291.96,485658,2832,290.575134
QQQ,2020-08-27T00:00:00-04:00,292.89,293.79,288.8,290.98,498725,3038,291.494241
QQQ,2020-08-28T00:00:00-04:00,292.42,293.06,290.99,292.51,229396,2226,292.30402
QQQ,2020-08-31T00:00:00-04:00,293.09,296.745,292.65,295.04,365292,1817,295.396477
QQQ,2020-09-01T00:00:00-04:00,297.625,300.02,296.09,299.94,375449,2492,298.526642
QQQ,2020-09-02T00:00:00-04:00,303.21,303.35,296.96,302.84,423181,3017,301.337341
QQQ,2020-09-03T00:00:00-04:00,298.13,298.54,284.45,287.27,1450760,9849,289.842929
QQQ,2020-09-04T00:00:00-04:00,285.65,288.89,271.86,283.67,1726153,10486,279.331697
QQQ,2020-09-08T00:00:00-04:00,272.25,278.19,269.71,270.07,1551142,9031,273.088113
QQQ,2020-09-09T00:00:00-04:00,275.68,280.035,273.01,277.97,411496,3312,276.750981
QQQ,2020-09-10T00:00:00-04:00,280.9,282.17,270.63,272.18,768746,5346,276.118601
QQQ,2020-09-11T00:00:00-04:00,274.23,275.13,266.92,270.64,912327,5706,270.629975
QQQ,2020-09-14T00:00:00-04:00,274.52,277.21,273.03,275.08,368860,2836,275.667912
QQQ,2020-09-15T00:00:00-04:00,278.93,280.43,277.305,278.96,555226,3567,279.165874
QQQ,2020-09-16T00:00:00-04:00,279.93,280.34,274.32,274.4,484336,3699,277.429679
QQQ,2020-09-17T00:00:00-04:00,267.53,272.34,266.72,270.45,849385,4914,269.279687
QQQ,2020-09-18T00:00:00-04:00,271.835,272,262.67,266.72,933536,5940,266.49704
QQQ,2020-09-21T00:00:00-04:00,262.59,267.64,260.13,267.62,891546,4914,263.461105
QQQ,2020-09-22T00:00:00-04:00,269.985,273.065,266.6,272.44,609044,4070,269.530901
QQQ,2020-09-23T00:00:00-04:00,272.15,272.29,263.28,264.02,415168,3289,267.24083
QQQ,2020-09-24T00:00:00-04:00,261.63,268.66,261.33,265.36,463993,3292,265.433653
QQQ,2020-09-25T00:00:00-04:00,265.85,272.37,264.37,271.64,364371,3032,269.024379
QQQ,2020-09-28T00:00:00-04:00,276.555,277.025,273.87,277.025,519838,3447,275.564742
QQQ,2020-09-29T00:00:00-04:00,276.68,277.62,275.45,275.82,256727,1695,276.460041
QQQ,2020-09-30T00:00:00-04:00,276,281.05,275.905,278.18,445845,2559,279.072641
QQQ,2020-10-01T00:00:00-04:00,281.775,282.78,279.92,282.275,369795,2873,281.536913
QQQ,2020-10-02T00:00:00-04:00,275.795,279.72,273.48,274.245,675527,3611,276.152441
QQQ,2020-10-05T00:00:00-04:00,276.5,280.44,276.42,280.28,361468,2119,278.722152
QQQ,2020-10-06T00:00:00-04:00,279.52,281.16,274.34,275.08,426312,3089,277.903281
QQQ,2020-10-07T00:00:00-04:00,278.02,280.7,277.38,280.11,333591,2533,279.560053
QQQ,2020-10-08T00:00:00-04:00,282.365,282.47,280.45,281.48,204363,1508,281.406362
QQQ,2020-10-09T00:00:00-04:00,283.09,285.79,282.8,285.74,246399,1917,284.822017
QQQ,2020-10-12T00:00:00-04:00,290.26,297.44,289.54,294.62,503670,3276,294.067978
QQQ,2020-10-13T00:00:00-04:00,296.28,296.96,293.17,294.44,646221,4104,294.973754
QQQ,2020-10-14T00:00:00-04:00,295.12,296.2,290.26,292.12,322577,2512,292.823524
QQQ,2020-10-15T00:00:00-04:00,287.25,290.68,286.6,289.98,327345,2237,288.614434
QQQ,2020-10-16T00:00:00-04:00,291.8,293.24,288.3,288.3,461123,2635,290.414296
QQQ,2020-10-19T00:00:00-04:00,290.52,291.4,282.89,283.74,338121,2408,286.381127
QQQ,2020-10-20T00:00:00-04:00,284.58,287.59,282.97,284.5,174559,1517,285.219022
QQQ,2020-10-21T00:00:00-04:00,284.78,287.265,283.78,284.18,288912,1897,285.276858
QQQ,2020-10-22T00:00:00-04:00,285.22,285.95,280.9,284.12,320522,2294,283.210111
QQQ,2020-10-23T00:00:00-04:00,284.795,284.845,281.83,284.82,200313,1734,283.556037
QQQ,2020-10-26T00:00:00-04:00,282.33,285.29,276.76,280.48,456238,3298,280.018387
QQQ,2020-10-27T00:00:00-04:00,281.41,283.42,280.27,282.7,233846,1895,282.129221
QQQ,2020-10-28T00:00:00-04:00,278.005,278.61,271.39,271.43,655551,4605,274.176694
QQQ,2020-10-29T00:00:00-04:00,273.05,279.43,272.53,276.24,379198,2768,276.403321
QQQ,2020-10-30T00:00:00-04:00,274.36,275.22,267.08,269.75,728890,4614,269.067459
QQQ,2020-11-02T00:00:00-05:00,271.88,273.42,267.005,270.01,459672,3218,269.647969
QQQ,2020-11-03T00:00:00-05:00,271.99,276.645,270.96,274.66,425161,3028,274.859359
QQQ,2020-11-04T00:00:00-05:00,283.53,288.76,281.91,286.76,728157,5410,286.321616
QQQ,2020-11-05T00:00:00-05:00,293.42,295.33,292.01,294.26,686495,4475,294.008832
QQQ,2020-11-06T00:00:00-05:00,293.605,295.32,289.88,294.62,512129,3333,293.497592
QQQ,2020-11-09T00:00:00-05:00,297.55,299.01,288.25,288.33,961973,5500,295.13402
QQQ,2020-11-10T00:00:00-05:00,285.225,286.615,280.68,283.56,740915,5481,283.285862
QQQ,2020-11-11T00:00:00-05:00,285.92,290.25,285.56,290,257131,2459,288.591325
QQQ,2020-11-12T00:00:00-05:00,290.77,292.02,287.28,288.38,336620,2789,289.540374
QQQ,2020-11-13T00:00:00-05:00,290.385,291.56,287.89,291.16,240834,1831,289.85057
QQQ,2020-11-16T00:00:00-05:00,290.615,293.5,290.09,292.94,304504,2602,292.031747
QQQ,2020-11-17T00:00:00-05:00,293.355,293.69,291.75,292.1,110746,1097,292.657129
QQQ,2020-11-18T00:00:00-05:00,291.795,293.33,290.04,290.06,227648,1775,291.597576
QQQ,2020-11-19T00:00:00-05:00,289.475,292.65,288.93,292.34,215591,2062,291.41618
QQQ,2020-11-20T00:00:00-05:00,292.2,293.05,290.3,290.38,116534,1206,291.788635
QQQ,2020-11-23T00:00:00-05:00,291.63,292.73,288.11,290.38,183923,1782,290.327262
QQQ,2020-11-24T00:00:00-05:00,291.56,294.97,289.65,294.53,277019,2003,293.397125
QQQ,2020-11-25T00:00:00-05:00,295.45,296.91,294.65,296.45,206774,1851,295.855576
QQQ,2020-11-27T00:00:00-05:00,298.26,300.16,297.95,299.04,196032,1820,299.090804
QQQ,2020-11-30T00:00:00-05:00,299.31,299.85,294.9,299.52,170716,1673,298.221495
QQQ,2020-12-01T00:00:00-05:00,302.02,305.13,300.88,303.58,270908,2442,303.420097
QQQ,2020-12-02T00:00:00-05:00,302.21,304.18,300.36,303.82,137037,1163,302.965341
QQQ,2020-12-03T00:00:00-05:00,304.13,305.84,303.54,303.82,215948,2052,304.62667
QQQ,2020-12-04T00:00:00-05:00,304.31,305.67,303.68,305.56,182317,2255,304.955896
QQQ,2020-12-07T00:00:00-05:00,305.565,307.61,305.53,307.24,154511,1273,306.793972
QQQ,2020-12-08T00:00:00-05:00,306.74,308.555,305.045,308.345,145765,2320,307.360693
QQQ,2020-12-09T00:00:00-05:00,308.04,308.28,300.26,301.5,386472,3586,303.646178
QQQ,2020-12-10T00:00:00-05:00,299.25,303.675,298.15,302.42,277770,2151,302.194769
QQQ,2020-12-11T00:00:00-05:00,300.76,301.905,298.5,301.72,200456,1835,300.505025
QQQ,2020-12-14T00:00:00-05:00,303.115,306.025,303.03,303.86,319357,2825,304.828391
QQQ,2020-12-15T00:00:00-05:00,306.42,307.24,304.175,307.18,206937,1936,306.100508
QQQ,2020-12-16T00:00:00-05:00,307.61,309.75,306.71,309,222359,1675,308.489585
QQQ,2020-12-17T00:00:00-05:00,310.73,311.23,309.41,311,259745,2498,310.553923
QQQ,2020-12-18T00:00:00-05:00,311.64,311.96,307.65,310,519943,3229,309.165146
QQQ,2020-12-21T00:00:00-05:00,306.38,309.375,303.68,308.94,356486,2826,306.663835
QQQ,2020-12-22T00:00:00-05:00,309.86,310.69,306.88,309.65,276732,2021,309.099428
QQQ,2020-12-23T00:00:00-05:00,309.85,310.16,308.09,308.16,247811,2072,309.207794
QQQ,2020-12-24T00:00:00-05:00,308.47,309.99,308.41,309.58,172562,1298,309.433381
QQQ,2020-12-28T00:00:00-05:00,312.27,313.155,310.45,312.59,279906,2419,312.371125
QQQ,2020-12-29T00:00:00-05:00,314.15,314.68,312.05,312.9,274646,2580,313.160352
QQQ,2020-12-30T00:00:00-05:00,314.155,314.37,312.405,312.97,223585,1389,313.17039
QQQ,2020-12-31T00:00:00-05:00,312.97,314.23,311.86,314.19,176463,1708,313.040598
QQQ,2021-01-04T00:00:00-05:00,315.13,315.29,305.27,309.35,370969,3229,309.286491
QQQ,2021-01-05T00:00:00-05:00,308.41,312,308.41,311.78,219913,2199,310.968899
QQQ,2021-01-06T00:00:00-05:00,306.83,311.87,306.05,307.55,483281,3825,309.124325
QQQ,2021-01-07T00:00:00-05:00,310.4,315.83,310.31,315.125,275396,2347,314.106308
QQQ,2021-01-08T00:00:00-05:00,317.42,319.39,315.13,319.13,285541,2430,317.647035
QQQ,2021-01-11T00:00:00-05:00,315.77,317.09,313.83,314.23,244505,3007,315.301813
QQQ,2021-01-12T00:00:00-05:00,314.525,315.56,311.23,314.12,436506,3149,313.810139
QQQ,2021-01-13T00:00:00-05:00,314.27,316.85,313.63,315.99,214029,2360,315.67258
QQQ,2021-01-14T00:00:00-05:00,316.58,317.45,313.885,314.365,214139,1929,315.309978
QQQ,2021-01-15T00:00:00-05:00,314.12,315.12,310.59,311.88,240137,1896,312.782351
QQQ,2021-01-19T00:00:00-05:00,314.295,316.91,313.22,316.43,271858,2599,315.818904
QQQ,2021-01-20T00:00:00-05:00,320.11,324.705,319.785,323.75,431709,3052,322.775904
QQQ,2021-01-21T00:00:00-05:00,325.13,327.12,323.74,326.36,219762,2014,325.5918
QQQ,2021-01-22T00:00:00-05:00,325.3,326.44,324.805,325.44,169713,1462,325.815884
QQQ,2021-01-25T00:00:00-05:00,329,330.27,321.41,328.41,251142,2108,326.720141
QQQ,2021-01-26T00:00:00-05:00,328.92,329.72,327.45,328.55,243490,3209,328.755804
QQQ,2021-01-27T00:00:00-05:00,326.22,326.26,317.405,319.37,765439,5949,321.963934
QQQ,2021-01-28T00:00:00-05:00,320.62,326.37,320.05,321.3,465802,3215,323.358861
QQQ,2021-01-29T00:00:00-05:00,319.54,320.7,312.78,314.52,507075,3500,316.619368
QQQ,2021-02-01T00:00:00-05:00,318.22,323.51,316.2,322.58,342754,2603,320.632575
QQQ,2021-02-02T00:00:00-05:00,325.46,328.82,325.31,327.73,277333,2014,327.307611
QQQ,2021-02-03T00:00:00-05:00,329.97,330.19,326.35,326.35,396388,3182,328.080086
QQQ,2021-02-04T00:00:00-05:00,327.985,330.21,326.48,330.2,173325,1707,328.468188
QQQ,2021-02-05T00:00:00-05:00,331.28,332.385,329.575,331.48,172874,1631,330.980532
QQQ,2021-02-08T00:00:00-05:00,333.11,333.63,331.445,333.585,202811,2397,332.748629
QQQ,2021-02-09T00:00:00-05:00,332.715,334.79,332.715,333.46,167428,1726,333.760895
QQQ,2021-02-10T00:00:00-05:00,334.99,335.4,329.58,332.74,385921,4066,332.361152
QQQ,2021-02-11T00:00:00-05:00,334.46,334.92,332.13,334.68,191603,2097,334.053136
QQQ,2021-02-12T00:00:00-05:00,333.745,336.62,332.7,336.4,205288,1750,335.323963
QQQ,2021-02-16T00:00:00-05:00,337.345,338.19,334.36,335.46,246909,2403,336.184505
QQQ,2021-02-17T00:00:00-05:00,332.37,334.18,330.17,333.95,241842,2319,332.505783
QQQ,2021-02-18T00:00:00-05:00,330.12,333.16,328.36,332.39,384713,3297,330.650613
QQQ,2021-02-19T00:00:00-05:00,333.92,333.92,329.98,330.97,254605,3181,331.795902
QQQ,2021-02-22T00:00:00-05:00,326.36,327.72,322.245,322.245,394484,3468,324.431568
QQQ,2021-02-23T00:00:00-05:00,316.96,323.195,311.06,321.45,1213319,9935,316.987951
QQQ,2021-02-24T00:00:00-05:00,318.64,324.45,316,324.05,406663,3870,320.953381
QQQ,2021-02-25T00:00:00-05:00,321.49,324,311.28,312.77,874312,7248,316.107829
QQQ,2021-02-26T00:00:00-05:00,315.86,319.07,310.99,314.84,666355,5490,315.55158
QQQ,2021-03-01T00:00:00-05:00,319.45,323.93,317.97,323.65,453714,3576,321.456089
QQQ,2021-03-02T00:00:00-05:00,324.25,324.25,318.295,318.3,355583,2582,320.76012
QQQ,2021-03-03T00:00:00-05:00,317.09,318.21,309.11,309.19,981248,8477,312.229335
QQQ,2021-03-04T00:00:00-05:00,308.82,312.03,300.13,303.83,1699100,11204,306.06157
QQQ,2021-03-05T00:00:00-05:00,307.03,309.57,297.67,308.78,1069452,8366,303.86043
QQQ,2021-03-08T00:00:00-05:00,308.095,310.04,299.64,299.73,696738,5760,304.621427
QQQ,2021-03-09T00:00:00-05:00,307.58,313.7,307.05,311.56,651248,5244,311.231495
QQQ,2021-03-10T00:00:00-05:00,316.11,316.4,310.295,310.8,610806,4672,312.675258
QQQ,2021-03-11T00:00:00-05:00,315.995,319.83,314.86,318.165,450186,3449,318.057442
QQQ,2021-03-12T00:00:00-05:00,313.76,315.6,311.41,315.34,375824,3983,313.925871
QQQ,2021-03-15T00:00:00-04:00,315.67,318.995,314.2,318.79,335667,3593,316.776541
QQQ,2021-03-16T00:00:00-04:00,321.19,324.195,319.14,320.65,536693,4035,322.168113
QQQ,2021-03-17T00:00:00-04:00,317.48,323.85,315.68,321.77,1040437,7434,319.663672
QQQ,2021-03-18T00:00:00-04:00,316.88,317.77,311.59,311.9,975454,5624,314.361736
QQQ,2021-03-19T00:00:00-04:00,311.74,314.73,309.76,313.71,710387,6287,312.906201
QQQ,2021-03-22T00:00:00-04:00,315.27,320.73,315.25,318.67,488504,3661,318.39976
QQQ,2021-03-23T00:00:00-04:00,319.56,321.085,316.41,317.025,532868,4987,318.992934
QQQ,2021-03-24T00:00:00-04:00,318.54,318.59,311.78,311.78,386448,3247,314.820585
QQQ,2021-03-25T00:00:00-04:00,310,312.87,307.455,311.22,892146,6452,310.51123
QQQ,2021-03-26T00:00:00-04:00,311.01,316.3,309.72,316.2,388826,2977,312.517528
QQQ,2021-03-29T00:00:00-04:00,315.53,316.92,312.595,315.48,414478,4673,314.846395
QQQ,2021-03-30T00:00:00-04:00,313.87,314.89,311.58,314,303740,3005,313.470604
QQQ,2021-03-31T00:00:00-04:00,316.18,320.71,315.83,318.99,467794,4258,319.337746
QQQ,2021-04-01T00:00:00-04:00,322.94,324.665,322.85,324.63,533051,5552,323.970229
QQQ,2021-04-05T00:00:00-04:00,327.31,331.83,326.985,331.18,268427,2636,330.374126
QQQ,2021-04-06T00:00:00-04:00,330.54,332.82,330.025,330.83,220748,2231,331.143815
QQQ,2021-04-07T00:00:00-04:00,330.29,332.47,329.4,331.63,419985,2269,331.532182
QQQ,2021-04-08T00:00:00-04:00,334.64,335.215,333.76,335.18,245541,2273,334.624518
QQQ,2021-04-09T00:00:00-04:00,333.68,337.28,333.06,337.04,327493,3319,335.231114
QQQ,2021-04-12T00:00:00-04:00,336.02,337.04,334.8,336.63,200587,2192,336.113675
QQQ,2021-04-13T00:00:00-04:00,338.265,341.04,338.06,340.58,189774,1662,339.803208
QQQ,2021-04-14T00:00:00-04:00,340.88,340.88,335.69,336.32,351514,2688,337.588414
QQQ,2021-04-15T00:00:00-04:00,339.58,342.005,339.39,341.59,209122,2031,340.987928
QQQ,2021-04-16T00:00:00-04:00,342.05,342.19,340.12,341.94,194852,1957,341.52075
QQQ,2021-04-19T00:00:00-04:00,340.28,341.54,336.99,338.72,201066,2604,338.654065
QQQ,2021-04-20T00:00:00-04:00,338.25,339.475,334.41,336.29,282004,3136,336.266669
QQQ,2021-04-21T00:00:00-04:00,335.05,339.45,334.07,339.315,206762,2220,337.527258
QQQ,2021-04-22T00:00:00-04:00,338.73,339.85,334.1,335.24,314768,2545,336.686466
QQQ,2021-04-23T00:00:00-04:00,335.97,340.76,335.87,339.41,325501,3305,339.174031
QQQ,2021-04-26T00:00:00-04:00,339.87,341.91,338.91,341.605,177579,1682,340.901192
QQQ,2021-04-27T00:00:00-04:00,341.96,342.135,339.25,339.96,211334,2140,340.334888
QQQ,2021-04-28T00:00:00-04:00,339.8,340.76,338.42,338.7,290363,2575,339.389167
QQQ,2021-04-29T00:00:00-04:00,342.53,342.78,336.97,340.15,238183,2123,339.801868
QQQ,2021-04-30T00:00:00-04:00,337.66,340.24,337.085,337.84,194157,1920,338.258296
QQQ,2021-05-03T00:00:00-04:00,339.22,339.96,335.765,336.035,168764,2006,337.193764
QQQ,2021-05-04T00:00:00-04:00,333.62,333.87,326.26,330.06,557734,5083,329.371372
QQQ,2021-05-05T00:00:00-04:00,332.25,333.01,328.34,328.93,230878,2221,330.653886
QQQ,2021-05-06T00:00:00-04:00,328.76,331.63,326.5,331.4,308008,2903,329.203325
QQQ,2021-05-07T00:00:00-04:00,334.43,336.6,333.08,334.13,437547,3425,334.854235
QQQ,2021-05-10T00:00:00-04:00,332.91,332.91,325.57,325.6,471805,3991,327.946453
QQQ,2021-05-11T00:00:00-04:00,319.37,326.065,319.045,325.41,724255,5648,323.290605
QQQ,2021-05-12T00:00:00-04:00,320.05,322.55,316.035,316.91,724643,6450,318.365033
QQQ,2021-05-13T00:00:00-04:00,319.91,322.37,316.94,319.36,510424,4972,319.969245
QQQ,2021-05-14T00:00:00-04:00,322.71,327.3,322.11,326.38,413887,3339,325.360929
QQQ,2021-05-17T00:00:00-04:00,324.73,325.26,321.495,324.405,248815,2481,323.618634
QQQ,2021-05-18T00:00:00-04:00,325.44,326.6,321.95,321.95,385513,3879,324.435442
QQQ,2021-05-19T00:00:00-04:00,316.67,322.88,316.315,322.69,428467,3544,320.138082
QQQ,2021-05-20T00:00:00-04:00,324.15,329.695,323.91,328.88,395880,3627,327.757989
QQQ,2021-05-21T00:00:00-04:00,330.62,330.84,326.655,326.94,451155,4377,327.906517
QQQ,2021-05-24T00:00:00-04:00,329.13,333.63,329.07,332.53,344871,3215,332.525539
QQQ,2021-05-25T00:00:00-04:00,334.1,334.79,331.79,332.99,176602,2102,332.873316
QQQ,2021-05-26T00:00:00-04:00,333.7,334.56,333,334.08,206534,2149,333.94603
QQQ,2021-05-27T00:00:00-04:00,333.74,334.52,332.7,333.115,195717,2319,333.591855
QQQ,2021-05-28T00:00:00-04:00,334.22,335.55,333.615,333.65,307986,2618,334.637022
QQQ,2021-06-01T00:00:00-04:00,335.35,335.75,331.44,332.78,185865,1974,333.301896
QQQ,2021-06-02T00:00:00-04:00,333.18,334.33,331.73,333.42,211879,2864,333.150477
QQQ,2021-06-03T00:00:00-04:00,330.56,331.79,328.34,329.905,209600,1966,330.247424
QQQ,2021-06-04T00:00:00-04:00,332.09,336.045,331.81,335.68,278759,2989,335.058826
QQQ,2021-06-07T00:00:00-04:00,335.05,336.66,334.39,336.55,292961,2472,335.410566
QQQ,2021-06-08T00:00:00-04:00,338.39,339.235,335.03,336.79,174829,1854,336.962284
QQQ,2021-06-09T00:00:00-04:00,338.23,338.92,336.675,336.72,178856,1838,337.583571
QQQ,2021-06-10T00:00:00-04:00,337.1,340.44,336.765,340.32,219525,2148,339.594923
QQQ,2021-06-11T00:00:00-04:00,340.4,341.235,339.72,341.235,116515,1603,340.540842
QQQ,2021-06-14T00:00:00-04:00,341.61,344.375,340.58,344.375,230272,2968,342.660117
QQQ,2021-06-15T00:00:00-04:00,344.19,344.44,341.55,341.87,270069,2562,342.950492
QQQ,2021-06-16T00:00:00-04:00,342.76,343.82,337.46,340.82,342437,3357,340.742125
QQQ,2021-06-17T00:00:00-04:00,339.96,346.32,339.96,345.345,536372,4642,344.435648
QQQ,2021-06-18T00:00:00-04:00,343.75,344.74,341.885,342.46,368736,3383,343.463037
QQQ,2021-06-21T00:00:00-04:00,342.47,344.68,340.16,344.36,197165,2216,343.206117
QQQ,2021-06-22T00:00:00-04:00,344.34,348.02,343.9,347.54,190355,1791,346.45636
QQQ,2021-06-23T00:00:00-04:00,347.71,348.86,346.89,347.63,160038,1952,347.9241
QQQ,2021-06-24T00:00:00-04:00,349.74,351.46,349.28,349.83,179192,1875,350.252267
QQQ,2021-06-25T00:00:00-04:00,350.58,350.62,348.89,349.435,196046,2514,349.54125
QQQ,2021-06-28T00:00:00-04:00,350.81,353.825,350.78,353.65,249041,2729,352.854651
QQQ,2021-06-29T00:00:00-04:00,353.53,355,352.73,354.925,174578,1891,354.225329
QQQ,2021-06-30T00:00:00-04:00,354.68,355.15,353.88,354.47,202883,2525,354.588461
QQQ,2021-07-01T00:00:00-04:00,354.06,355.06,352.71,354.67,153980,1658,354.186324
QQQ,2021-07-02T00:00:00-04:00,356.56,358.95,356.29,358.63,247064,3034,357.883926
QQQ,2021-07-06T00:00:00-04:00,359.33,360.41,356.5,360.165,183256,3075,359.318033
QQQ,2021-07-07T00:00:00-04:00,362.57,362.73,358.985,360.86,210428,2220,360.876528
QQQ,2021-07-08T00:00:00-04:00,355.185,359.61,354.49,358.41,178941,2122,357.146999
QQQ,2021-07-09T00:00:00-04:00,358.24,361.49,357.71,361.04,208717,2268,360.33063
QQQ,2021-07-12T00:00:00-04:00,362.475,362.86,360.87,362.31,144548,1559,361.827921
QQQ,2021-07-13T00:00:00-04:00,361.99,365.44,361.56,362.305,276591,3445,363.283504
QQQ,2021-07-14T00:00:00-04:00,364.82,365.34,362.27,362.83,224966,2309,363.897592
QQQ,2021-07-15T00:00:00-04:00,362.96,363.11,358.5,360.44,394406,4524,360.193015
QQQ,2021-07-16T00:00:00-04:00,361.49,362.38,357.25,357.52,453112,4371,359.548509
QQQ,2021-07-19T00:00:00-04:00,353.95,355.15,352.08,354.57,631753,4449,353.68357
QQQ,2021-07-20T00:00:00-04:00,355.69,360.27,353.945,358.85,362672,3084,357.689393
QQQ,2021-07-21T00:00:00-04:00,358.39,361.48,358.2,361.45,281188,2820,360.333224
QQQ,2021-07-22T00:00:00-04:00,361.82,363.94,361.81,363.94,220902,2758,363.276585
QQQ,2021-07-23T00:00:00-04:00,365.44,368.47,364.08,368.12,187417,2220,367.170695
QQQ,2021-07-26T00:00:00-04:00,367.47,368.86,366.61,368.44,219046,3448,368.173001
QQQ,2021-07-27T00:00:00-04:00,368.14,368.17,360.19,364.39,634929,5254,362.871446
QQQ,2021-07-28T00:00:00-04:00,365.59,367.14,363.33,365.825,245148,2632,365.667154
QQQ,2021-07-29T00:00:00-04:00,365.41,367.65,365.38,366.575,131178,1941,366.893732
QQQ,2021-07-30T00:00:00-04:00,362.47,365.13,362.42,364.49,224874,2668,364.084928
QQQ,2021-08-02T00:00:00-04:00,366.34,366.78,364.01,364.515,165600,1665,365.246473
QQQ,2021-08-03T00:00:00-04:00,365.38,366.9,362.03,366.88,216792,2390,365.308861
QQQ,2021-08-04T00:00:00-04:00,366.77,368.32,365.69,367.38,164106,1648,367.224977
QQQ,2021-08-05T00:00:00-04:00,368.205,369.87,367.53,369.81,171904,1957,369.32296
QQQ,2021-08-06T00:00:00-04:00,368.45,369.36,367.01,368.02,184270,1507,368.218193
QQQ,2021-08-09T00:00:00-04:00,368.66,369.255,367.43,368.765,153745,1422,368.705842
QQQ,2021-08-10T00:00:00-04:00,369.29,369.53,365.64,366.83,314746,2690,366.883803
QQQ,2021-08-11T00:00:00-04:00,368.07,368.56,364.85,366.15,243526,2468,366.196354
QQQ,2021-08-12T00:00:00-04:00,365.69,367.87,364.35,367.655,254937,2468,366.553269
QQQ,2021-08-13T00:00:00-04:00,367.95,369.15,367.4,368.82,169632,2849,368.343146
QQQ,2021-08-16T00:00:00-04:00,367.69,369,363.85,368.995,188933,1709,366.988591
QQQ,2021-08-17T00:00:00-04:00,366.17,367.13,363.33,365.69,356485,2878,365.321273
QQQ,2021-08-18T00:00:00-04:00,365,366.56,361.89,362.25,238228,1850,364.111709
QQQ,2021-08-19T00:00:00-04:00,360.01,365.66,359.97,363.74,251371,2069,363.189356
QQQ,2021-08-20T00:00:00-04:00,365.14,368.135,364.87,367.76,208744,2224,367.046157
QQQ,2021-08-23T00:00:00-04:00,368.79,373.87,368.79,373.24,221774,2185,372.882763
QQQ,2021-08-24T00:00:00-04:00,373.93,374.98,373.39,374.375,189079,1812,374.244194
QQQ,2021-08-25T00:00:00-04:00,374.61,375.33,373.86,374.625,117265,1094,374.647704
QQQ,2021-08-26T00:00:00-04:00,374.03,374.47,372.02,372.41,124753,2096,373.129833
QQQ,2021-08-27T00:00:00-04:00,372.97,376.515,372.59,376.1,230749,2117,375.56695
QQQ,2021-08-30T00:00:00-04:00,376.89,380.74,376.85,380.305,168881,2162,379.582275
QQQ,2021-08-31T00:00:00-04:00,380.5,380.5,378.51,379.82,162554,2165,379.630545
QQQ,2021-09-01T00:00:00-04:00,381.05,382.68,380.375,380.59,158730,1819,381.750785
QQQ,2021-09-02T00:00:00-04:00,382.21,382.28,379.165,380.45,289499,2178,380.249458
QQQ,2021-09-03T00:00:00-04:00,379.76,381.9,379.36,381.62,177794,1662,381.233339
QQQ,2021-09-07T00:00:00-04:00,381.66,382.755,380.545,382.15,332880,2874,382.013217
QQQ,2021-09-08T00:00:00-04:00,381.755,381.78,378.475,380.775,344510,2696,380.291206
QQQ,2021-09-09T00:00:00-04:00,380.96,382.105,379.235,379.32,236144,2137,380.403379
QQQ,2021-09-10T00:00:00-04:00,381.3,381.96,376.26,376.55,634005,3412,379.321655
QQQ,2021-09-13T00:00:00-04:00,379.06,379.43,374.24,376.31,564310,3843,375.740886
QQQ,2021-09-14T00:00:00-04:00,377.87,378.6,374.3,375.12,371789,2855,375.843395
QQQ,2021-09-15T00:00:00-04:00,375.75,378.35,373.4,378.045,323699,2476,376.095157
QQQ,2021-09-16T00:00:00-04:00,376.88,378.895,374.72,378.35,385398,3164,376.851278
QQQ,2021-09-17T00:00:00-04:00,377.53,377.53,372.76,373.875,650606,5164,374.162756
QQQ,2021-09-20T00:00:00-04:00,367.29,369.18,360.97,365.79,675231,4659,364.632574
QQQ,2021-09-21T00:00:00-04:00,367.58,368.76,364.99,366.035,384407,2894,366.945561
QQQ,2021-09-22T00:00:00-04:00,367.25,370.95,366.05,369.615,354206,2910,369.100508
QQQ,2021-09-23T00:00:00-04:00,370.775,374.025,370.18,372.9,389321,3149,373.099709
QQQ,2021-09-24T00:00:00-04:00,370.61,373.73,370.28,373.41,470247,4049,372.375768
QQQ,2021-09-27T00:00:00-04:00,370.2,371.25,367.78,370.4,451347,3726,369.952147
QQQ,2021-09-28T00:00:00-04:00,365.64,366.29,359.38,359.895,1112656,7115,361.350153
QQQ,2021-09-29T00:00:00-04:00,361.09,363.36,358.67,359.285,674638,4166,361.01748
QQQ,2021-09-30T00:00:00-04:00,360.955,362.635,357.93,358.06,419239,3726,360.17786
QQQ,2021-10-01T00:00:00-04:00,358.52,361.25,354.38,359.9,681206,5864,358.267005
QQQ,2021-10-04T00:00:00-04:00,358.47,358.775,350.37,352.675,763512,4697,353.243318
QQQ,2021-10-05T00:00:00-04:00,353.74,359.69,353.5,357.245,623429,4701,357.658085
QQQ,2021-10-06T00:00:00-04:00,354.09,359.94,353.16,359.86,718713,4952,356.685322
QQQ,2021-10-07T00:00:00-04:00,362.84,365.68,362.3,362.82,595926,3425,364.021544
QQQ,2021-10-08T00:00:00-04:00,364.07,364.23,360.61,360.96,638046,4209,361.812103
QQQ,2021-10-11T00:00:00-04:00,359.6,363.135,358.465,358.475,348826,2124,361.089754
QQQ,2021-10-12T00:00:00-04:00,359.81,360.28,356.52,357.1,469333,2541,357.961668
QQQ,2021-10-13T00:00:00-04:00,359.52,360.6,357.47,359.95,435097,3336,359.269782
QQQ,2021-10-14T00:00:00-04:00,363.68,366.835,363.035,366.58,582504,3606,365.70181
QQQ,2021-10-15T00:00:00-04:00,368.06,369.055,366.96,368.91,383363,2877,367.955104
QQQ,2021-10-18T00:00:00-04:00,367.64,372.845,367.1,372.795,388210,2765,370.866256
QQQ,2021-10-19T00:00:00-04:00,373.85,375.52,373.09,375.4,266968,2436,374.765774
QQQ,2021-10-20T00:00:00-04:00,375.935,376.52,373.485,374.85,299217,2419,375.058844
QQQ,2021-10-21T00:00:00-04:00,374.24,377.46,373.89,377.2,263689,2284,376.261431
QQQ,2021-10-22T00:00:00-04:00,375.925,376.91,372.4,373.945,332991,2516,374.75081
QQQ,2021-10-25T00:00:00-04:00,375.63,378.86,373.595,377.97,435003,3818,377.152451
QQQ,2021-10-26T00:00:00-04:00,380.24,382.69,377.92,378.85,509398,3707,380.083219
QQQ,2021-10-27T00:00:00-04:00,379.56,383.12,379.385,380.005,454892,3950,381.442308
QQQ,2021-10-28T00:00:00-04:00,381.99,384.46,381.27,384.46,652400,3081,383.015441
QQQ,2021-10-29T00:00:00-04:00,380.92,386.255,380.8,386.01,527134,2842,383.254541
QQQ,2021-11-01T00:00:00-04:00,386.55,387.54,384.58,387.485,361879,3242,386.136201
QQQ,2021-11-02T00:00:00-04:00,386.77,389.53,386.76,389.175,188221,2183,388.622248
QQQ,2021-11-03T00:00:00-04:00,389.62,393.59,388.54,393.22,280303,2689,391.007437
QQQ,2021-11-04T00:00:00-04:00,394.45,399.19,393.94,398.24,519314,3865,397.376756
QQQ,2021-11-05T00:00:00-04:00,400.13,400.95,397.18,398.41,343223,3339,399.267298
QQQ,2021-11-08T00:00:00-05:00,398.69,399.57,397.405,398.07,217509,1940,398.320394
QQQ,2021-11-09T00:00:00-05:00,399.23,399.465,393.945,395.21,192122,1790,395.845016
QQQ,2021-11-10T00:00:00-05:00,392.35,395.35,387.64,389.55,543640,3973,391.067787
QQQ,2021-11-11T00:00:00-05:00,392.66,392.66,390.28,390.64,420539,3257,391.187257
QQQ,2021-11-12T00:00:00-05:00,391.72,395.23,390.27,394.74,375518,2837,393.573701
QQQ,2021-11-15T00:00:00-05:00,395.82,396.21,392.11,394.61,310005,3270,393.929237
QQQ,2021-11-16T00:00:00-05:00,393.93,397.9,393.77,397.455,285291,1981,397.075879
QQQ,2021-11-17T00:00:00-05:00,397.8,399.69,396.67,397.67,270434,2167,397.941734
QQQ,2021-11-18T00:00:00-05:00,399.79,402.24,397.52,401.775,322884,2843,400.381804
QQQ,2021-11-19T00:00:00-05:00,403.43,405.27,402.62,403.95,378928,3096,404.04763
QQQ,2021-11-22T00:00:00-05:00,405.68,408.64,399.2,399.3,748432,5444,404.076871
QQQ,2021-11-23T00:00:00-05:00,398.11,400.15,393.04,397.66,447157,4558,396.111308
QQQ,2021-11-24T00:00:00-05:00,394.94,399,392.62,398.99,332731,2921,396.41047
QQQ,2021-11-26T00:00:00-05:00,396.02,397.51,389.79,390.96,353121,3488,393.438467
QQQ,2021-11-29T00:00:00-05:00,395.99,400.64,395.19,399.385,693741,7381,398.137856
QQQ,2021-11-30T00:00:00-05:00,398.7,401.12,391.78,393.78,853878,7221,395.249839
QQQ,2021-12-01T00:00:00-05:00,398.28,400.46,386.78,386.78,804994,8442,395.140526
QQQ,2021-12-02T00:00:00-05:00,385.49,391.615,384.46,389.94,790378,8141,388.650958
QQQ,2021-12-03T00:00:00-05:00,391.36,392.31,378.905,383.275,939444,8501,383.230013
QQQ,2021-12-06T00:00:00-05:00,383.59,387.59,379.41,386.32,820309,7650,383.504166
QQQ,2021-12-07T00:00:00-05:00,393.23,398.43,393.11,397.73,578131,6066,396.459419
QQQ,2021-12-08T00:00:00-05:00,398.15,399.8,396.28,399.715,412581,4296,398.226675
QQQ,2021-12-09T00:00:00-05:00,398.41,400.19,393.555,393.82,680375,4627,396.663823
QQQ,2021-12-10T00:00:00-05:00,396.67,398.27,393.42,398.22,759549,5541,396.001352
QQQ,2021-12-13T00:00:00-05:00,398.05,398.29,392.07,392.07,584154,5204,395.09682
QQQ,2021-12-14T00:00:00-05:00,387.24,390,383.83,388.34,830145,6833,386.684027
QQQ,2021-12-15T00:00:00-05:00,387.88,397.39,383.9,397.05,805726,6958,389.526394
QQQ,2021-12-16T00:00:00-05:00,398.12,398.36,385.245,386.99,1054021,9172,389.382211
QQQ,2021-12-17T00:00:00-05:00,383.17,389.13,381.81,384.9,725684,6590,385.063466
QQQ,2021-12-20T00:00:00-05:00,379.39,381.49,377.5,380.665,572875,5043,379.681117
QQQ,2021-12-21T00:00:00-05:00,384.3,389.525,380.28,389.255,585470,5644,385.857221
QQQ,2021-12-22T00:00:00-05:00,388.75,394.12,388.3,393.87,538010,4756,391.95058
QQQ,2021-12-23T00:00:00-05:00,394.4,398.4,394.17,396.945,501386,4505,396.829524
QQQ,2021-12-27T00:00:00-05:00,398.29,403.46,398.26,403.45,408340,5061,402.147916
QQQ,2021-12-28T00:00:00-05:00,404.51,404.57,400.74,401.73,452654,4163,402.346365
QQQ,2021-12-29T00:00:00-05:00,401.85,402.97,399.175,401.64,487753,3580,400.748345
QQQ,2021-12-30T00:00:00-05:00,401.34,403.55,399.755,400.27,231757,2361,401.709009
QQQ,2021-12-31T00:00:00-05:00,399.77,400.95,397.39,397.53,255515,3626,398.622826
QQQ,2022-01-03T00:00:00-05:00,399.03,401.9,396.93,401.67,396970,4256,399.907506
QQQ,2022-01-04T00:00:00-05:00,402.1,402.23,393.3,396.67,683886,6140,396.116047
QQQ,2022-01-05T00:00:00-05:00,394.955,395.7,384.065,384.235,797724,6021,389.465301
QQQ,2022-01-06T00:00:00-05:00,382.38,387.25,380.22,384.06,783032,6802,384.223887
QQQ,2022-01-07T00:00:00-05:00,383.99,385.73,378.06,379.77,664732,5207,381.014184
QQQ,2022-01-10T00:00:00-05:00,374.76,380.615,369.38,380.33,1401790,10490,374.226324
QQQ,2022-01-11T00:00:00-05:00,379.38,385.95,377.32,385.92,682600,5314,383.111469
QQQ,2022-01-12T00:00:00-05:00,388.475,390.13,385.05,387.045,566908,5563,387.553049
QQQ,2022-01-13T00:00:00-05:00,389.06,389.41,376.72,377.88,951677,7970,382.273159
QQQ,2022-01-14T00:00:00-05:00,374.9,380.33,374.9,380.01,850116,8030,378.138224
QQQ,2022-01-18T00:00:00-05:00,374.04,376.16,369.79,370.78,1102398,7617,372.665127
QQQ,2022-01-19T00:00:00-05:00,372.05,374.56,366.24,366.475,723539,7210,370.053738
QQQ,2022-01-20T00:00:00-05:00,369.67,373.855,361.21,361.56,1022584,8957,368.377486
QQQ,2022-01-21T00:00:00-05:00,359.49,362.18,351.54,351.54,1824456,15036,356.649074
QQQ,2022-01-24T00:00:00-05:00,345.5,353.96,334.18,353.62,1269492,11299,344.121058
QQQ,2022-01-25T00:00:00-05:00,346.69,351.01,341.68,344.99,1200540,11143,345.537087
QQQ,2022-01-26T00:00:00-05:00,353.06,356.81,340.94,344.77,1558022,13635,349.21907
QQQ,2022-01-27T00:00:00-05:00,349.42,351.245,340.09,340.91,922266,9253,345.037541
QQQ,2022-01-28T00:00:00-05:00,343.05,352,337.99,351.87,1249780,10712,345.435319
QQQ,2022-01-31T00:00:00-05:00,353.18,363.63,351.6,363.16,696366,6818,358.623836
QQQ,2022-02-01T00:00:00-05:00,364.54,366.155,359.2,365.58,733197,6594,362.687684
QQQ,2022-02-02T00:00:00-05:00,369.77,370.09,364.29,368.48,589201,5518,367.642227
QQQ,2022-02-03T00:00:00-05:00,358.53,361.87,352.48,353.66,1016068,9605,356.994423
QQQ,2022-02-04T00:00:00-05:00,354.43,361.295,352.01,357.825,527600,5509,356.482154
QQQ,2022-02-07T00:00:00-05:00,358.77,360.9,353.88,355.22,307900,3874,357.185191
QQQ,2022-02-08T00:00:00-05:00,354.06,360.22,352.82,359.21,259168,2394,357.243394
QQQ,2022-02-09T00:00:00-05:00,363.735,366.76,362.2,366.65,423141,4649,365.180979
QQQ,2022-02-10T00:00:00-05:00,359.55,366.47,356.625,358.445,1019044,8444,361.139429
QQQ,2022-02-11T00:00:00-05:00,358.58,360.04,345.82,347.205,1044644,8225,352.037331
QQQ,2022-02-14T00:00:00-05:00,346.6,350.925,343.97,347.56,838339,8311,347.424398
QQQ,2022-02-15T00:00:00-05:00,352.94,356.36,351.94,356.23,522367,5009,354.166124
QQQ,2022-02-16T00:00:00-05:00,353.78,356.99,350.75,356.03,405138,5032,353.725254
QQQ,2022-02-17T00:00:00-05:00,352.72,353.22,345.06,345.6,405190,3654,348.289849
QQQ,2022-02-18T00:00:00-05:00,346.47,346.8,339.22,341.47,708878,5779,342.607205
QQQ,2022-02-22T00:00:00-05:00,338.54,344.03,334.5,338.09,610213,5354,339.10538
QQQ,2022-02-23T00:00:00-05:00,341.28,342,329.12,329.41,877585,7326,334.114735
QQQ,2022-02-24T00:00:00-05:00,318.67,341,318.635,340.65,1924611,14653,330.210646
QQQ,2022-02-25T00:00:00-05:00,341.22,345.95,337.63,345.92,931004,8394,342.72616
QQQ,2022-02-28T00:00:00-05:00,342.53,348.49,341.44,347,852617,7832,344.670817
QQQ,2022-03-01T00:00:00-05:00,345.75,348.02,339.02,341.53,736592,7786,343.47165
QQQ,2022-03-02T00:00:00-05:00,343.21,348.49,340.3,347.1,888379,7495,345.267828
QQQ,2022-03-03T00:00:00-05:00,349.82,349.86,340.45,342.12,1030510,7675,344.182988
QQQ,2022-03-04T00:00:00-05:00,340.16,341.28,334.95,337.33,968295,7852,337.201489
QQQ,2022-03-07T00:00:00-05:00,337.31,338.44,324.67,325.01,950004,9680,330.147768
QQQ,2022-03-08T00:00:00-05:00,324.08,333.19,319.97,323.28,1621033,12517,325.267424
QQQ,2022-03-09T00:00:00-05:00,331.76,336.38,329.14,335.02,740682,6346,333.290174
QQQ,2022-03-10T00:00:00-05:00,330.72,332.41,326.73,331.41,760950,7673,329.825528
QQQ,2022-03-11T00:00:00-05:00,334.37,334.56,323.96,324.01,756487,6004,328.500425
QQQ,2022-03-14T00:00:00-04:00,323.24,326.54,317.5,318.18,1109683,9205,320.684355
QQQ,2022-03-15T00:00:00-04:00,320.97,328.92,319.26,328.11,1162437,10568,324.500071
QQQ,2022-03-16T00:00:00-04:00,332.3,340.43,328.41,340.43,1554153,12089,335.089849
QQQ,2022-03-17T00:00:00-04:00,338.4,344.48,337.14,344.48,751888,7437,341.013891
QQQ,2022-03-18T00:00:00-04:00,342.75,351.79,341.56,351.46,1112142,10058,348.241272
QQQ,2022-03-21T00:00:00-04:00,350.22,352.45,345.6,350.13,884189,8207,348.971413
QQQ,2022-03-22T00:00:00-04:00,350.815,357.84,350.22,356.89,780283,8272,355.779132
QQQ,2022-03-23T00:00:00-04:00,354.03,357.63,351.78,351.79,665341,7695,353.923529
QQQ,2022-03-24T00:00:00-04:00,353.76,359.67,351.615,359.59,575696,5538,355.890579
QQQ,2022-03-25T00:00:00-04:00,359.61,360.62,354.95,359.28,863263,8343,357.968684
QQQ,2022-03-28T00:00:00-04:00,359.34,365,358.09,365,568462,6011,361.635843
QQQ,2022-03-29T00:00:00-04:00,368.89,371.815,366.275,371.18,1308329,11773,369.527795
QQQ,2022-03-30T00:00:00-04:00,369.535,370.93,365.58,367.1,1230365,9225,368.395675
QQQ,2022-03-31T00:00:00-04:00,367.31,367.59,361.71,362.02,742835,7177,365.138468
QQQ,2022-04-01T00:00:00-04:00,362.83,363.575,358.61,361.83,619525,6147,360.902466
QQQ,2022-04-04T00:00:00-04:00,362.74,369.3,362.45,369.28,767466,6870,367.36605
QQQ,2022-04-05T00:00:00-04:00,367.82,368.46,359.96,361.26,910181,7567,362.821691
QQQ,2022-04-06T00:00:00-04:00,355.67,356.72,350.56,353.18,1095424,9067,353.395747
QQQ,2022-04-07T00:00:00-04:00,352.28,356.325,348.71,354.12,860664,8747,352.830037
QQQ,2022-04-08T00:00:00-04:00,352.21,353.02,348.54,349.1,896972,8648,350.397147
QQQ,2022-04-11T00:00:00-04:00,344.78,345.65,340.56,340.97,810032,9035,342.811291
QQQ,2022-04-12T00:00:00-04:00,345.78,347.69,338.1,339.52,936417,9303,342.737058
QQQ,2022-04-13T00:00:00-04:00,339.74,347.405,339.16,346.3,867508,7435,344.611813
QQQ,2022-04-14T00:00:00-04:00,346.46,346.91,338.21,338.44,739290,6346,341.218538
QQQ,2022-04-18T00:00:00-04:00,337.35,341.03,335.87,338.9,601904,5710,338.552982
QQQ,2022-04-19T00:00:00-04:00,338,346.83,337.02,346.12,840350,6317,344.176365
QQQ,2022-04-20T00:00:00-04:00,347.25,347.55,340.01,341.025,683440,5256,342.666546
QQQ,2022-04-21T00:00:00-04:00,345.2,347.84,333.29,334.37,860864,7774,339.029732
QQQ,2022-04-22T00:00:00-04:00,334.23,335.51,324.985,325.37,1023686,7719,329.268982
QQQ,2022-04-25T00:00:00-04:00,323.71,329.855,322.49,329.58,929882,9018,325.6451
QQQ,2022-04-26T00:00:00-04:00,327.49,327.6,316.86,316.86,1032048,9027,320.308694
QQQ,2022-04-27T00:00:00-04:00,317.23,322.87,315.01,316.74,1166610,9521,318.992252
QQQ,2022-04-28T00:00:00-04:00,322,329.88,317.6,327.99,1133746,9732,324.586868
QQQ,2022-04-29T00:00:00-04:00,323.67,327.21,312.64,313.43,1020759,9167,318.368114
QQQ,2022-05-02T00:00:00-04:00,312.9,318.695,309.68,318.43,1162614,10775,314.042391
QQQ,2022-05-03T00:00:00-04:00,318.32,321.05,316.01,318.87,640907,7780,318.287655
QQQ,2022-05-04T00:00:00-04:00,319.31,330.29,313.92,329.74,1173337,9175,322.33755
QQQ,2022-05-05T00:00:00-04:00,325.13,325.13,309.63,313.4,1375035,11750,314.393917
QQQ,2022-05-06T00:00:00-04:00,311.25,315,305.16,309.38,1153553,9690,309.795578
QQQ,2022-05-09T00:00:00-04:00,303.48,305.78,295.77,297.18,1391114,13241,299.670277
QQQ,2022-05-10T00:00:00-04:00,304.58,305.61,296.62,300.82,1447365,13951,301.608187
QQQ,2022-05-11T00:00:00-04:00,298.41,303.94,290.98,291.79,1504377,15035,297.025468
QQQ,2022-05-12T00:00:00-04:00,287.51,295.67,284.945,291.37,1634756,13119,289.554298
QQQ,2022-05-13T00:00:00-04:00,295.78,302.98,294.1,301.78,851526,8134,300.434872
QQQ,2022-05-16T00:00:00-04:00,300.14,302.23,297.2,298.62,646802,6842,299.53662
QQQ,2022-05-17T00:00:00-04:00,304.48,306.56,300.61,306.22,729590,5570,303.920281
QQQ,2022-05-18T00:00:00-04:00,301.51,302.22,289.86,291.14,1001385,8869,295.166972
QQQ,2022-05-19T00:00:00-04:00,289.33,294.36,287.67,289.46,798581,7926,290.988061
QQQ,2022-05-20T00:00:00-04:00,293.06,293.785,280.34,288.56,1061592,8246,286.918992
QQQ,2022-05-23T00:00:00-04:00,289.85,293.77,287.31,293.38,545309,5357,291.321458
QQQ,2022-05-24T00:00:00-04:00,288.065,288.86,282.28,287.225,767494,6496,285.308006
QQQ,2022-05-25T00:00:00-04:00,285.82,293.32,285.5,291.28,687424,4957,289.618067
QQQ,2022-05-26T00:00:00-04:00,290.43,300.91,290.2,299.33,819197,7013,298.559682
QQQ,2022-05-27T00:00:00-04:00,302.57,309.17,302.445,309.105,800209,4996,306.93931
QQQ,2022-05-31T00:00:00-04:00,309.14,311.315,304.35,308.53,650644,5701,308.593751
QQQ,2022-06-01T00:00:00-04:00,310.53,312.54,303.78,305.98,592079,5081,307.745539
QQQ,2022-06-02T00:00:00-04:00,304.92,314.56,303.45,314.47,933991,6493,311.029995
QQQ,2022-06-03T00:00:00-04:00,308.94,310.41,304.99,306.055,639740,4049,306.727363
QQQ,2022-06-06T00:00:00-04:00,310.805,312.335,305.675,307.22,474747,3904,308.7186
QQQ,2022-06-07T00:00:00-04:00,303.67,310.63,302.73,309.98,712087,5974,307.850354
QQQ,2022-06-08T00:00:00-04:00,309.04,311.65,306.795,307.55,839418,6331,308.765528
QQQ,2022-06-09T00:00:00-04:00,305.885,308.91,299.255,299.255,974756,7418,303.708602
QQQ,2022-06-10T00:00:00-04:00,293.73,294.68,288.405,288.74,1086288,9848,290.182739
QQQ,2022-06-13T00:00:00-04:00,279.7,282.31,274.54,275.57,1278396,11296,277.887204
QQQ,2022-06-14T00:00:00-04:00,277.62,278.65,273.34,275.91,1263350,11237,275.909656
QQQ,2022-06-15T00:00:00-04:00,279.45,286.77,276.65,282.9,1532274,13076,281.552249
QQQ,2022-06-16T00:00:00-04:00,275.59,276.04,269.3,271.59,1087289,9455,271.966859
QQQ,2022-06-17T00:00:00-04:00,272.07,277.16,270.57,274.73,1007923,8189,274.476294
QQQ,2022-06-21T00:00:00-04:00,278.73,283.45,278.7,281.06,874550,8312,281.966432
QQQ,2022-06-22T00:00:00-04:00,278.47,285.17,277.935,280.7,798145,6171,282.248958
QQQ,2022-06-23T00:00:00-04:00,283.2,285.72,280.32,284.88,968782,8884,283.091153
QQQ,2022-06-24T00:00:00-04:00,287.81,294.9,287.6,294.86,1029993,8369,292.120143
QQQ,2022-06-27T00:00:00-04:00,296.01,296.54,291.29,292.45,796263,7475,292.865393
QQQ,2022-06-28T00:00:00-04:00,293.03,295.65,283.35,283.52,1007634,7126,287.178938
QQQ,2022-06-29T00:00:00-04:00,283.38,285.24,280.92,283.915,794529,6026,283.449369
QQQ,2022-06-30T00:00:00-04:00,280.75,283.85,275.81,280.38,1166094,9693,279.972917
QQQ,2022-07-01T00:00:00-04:00,278.94,282.485,277.08,282.12,647686,6867,280.175425
QQQ,2022-07-05T00:00:00-04:00,278.23,287.03,276.83,287.02,1137003,7913,283.71641
QQQ,2022-07-06T00:00:00-04:00,287.4,290.95,285.63,288.78,782713,6563,287.880389
QQQ,2022-07-07T00:00:00-04:00,289.76,295.68,289.76,294.94,938668,7740,293.803797
QQQ,2022-07-08T00:00:00-04:00,291.99,296.73,291.255,295.39,900919,7885,294.924402
QQQ,2022-07-11T00:00:00-04:00,292.81,293.07,288.225,288.81,628387,5654,289.702651
QQQ,2022-07-12T00:00:00-04:00,290.36,292.13,284.63,286.23,770996,6998,287.721233
QQQ,2022-07-13T00:00:00-04:00,280.61,287.97,280.31,285.8,760167,7204,285.428792
QQQ,2022-07-14T00:00:00-04:00,282.99,287.55,279.83,286.675,735405,6242,284.193511
QQQ,2022-07-15T00:00:00-04:00,289.85,291.96,288.11,291.77,808818,8289,290.691932
QQQ,2022-07-18T00:00:00-04:00,294.69,296.14,288.29,289.27,924029,8765,292.541257
QQQ,2022-07-19T00:00:00-04:00,293.22,298.585,291.51,298.22,893913,7613,296.670474
QQQ,2022-07-20T00:00:00-04:00,298.74,304.24,297.95,303.055,983647,12385,302.260099
QQQ,2022-07-21T00:00:00-04:00,303.56,307.43,300.83,307.43,818335,8433,304.98206
QQQ,2022-07-22T00:00:00-04:00,306.44,308.49,300.12,301.98,848642,8188,302.630442
QQQ,2022-07-25T00:00:00-04:00,302.03,302.4,298.25,300.36,664683,6657,299.896466
QQQ,2022-07-26T00:00:00-04:00,298.37,298.74,293.57,294.33,646716,6533,295.173952
QQQ,2022-07-27T00:00:00-04:00,299.13,308.52,298.58,306.74,1316020,10436,304.669531
QQQ,2022-07-28T00:00:00-04:00,306.66,310.39,302.785,309.68,825359,6705,307.547048
QQQ,2022-07-29T00:00:00-04:00,311.41,316.3,310.1,315.31,632349,6111,314.098006
QQQ,2022-08-01T00:00:00-04:00,313.63,318.73,312.58,315.16,573912,5166,315.888871
QQQ,2022-08-02T00:00:00-04:00,312.86,318.51,311.85,314.33,822662,6963,315.308941
QQQ,2022-08-03T00:00:00-04:00,316.06,323.71,316.05,322.84,845218,6402,321.724367
QQQ,2022-08-04T00:00:00-04:00,322.98,324.66,320.88,324.33,390327,4091,323.119043
QQQ,2022-08-05T00:00:00-04:00,319.21,323.765,318.44,321.79,661782,5116,320.743325
QQQ,2022-08-08T00:00:00-04:00,322.66,326.43,319.22,320.72,619894,6279,321.980117
QQQ,2022-08-09T00:00:00-04:00,318.725,318.99,315.48,317.05,663515,5690,316.865067
QQQ,2022-08-10T00:00:00-04:00,324.6,326.19,322.08,325.94,676443,5228,324.767673
QQQ,2022-08-11T00:00:00-04:00,328.38,330.305,323.45,324.1,776191,7136,326.495043
QQQ,2022-08-12T00:00:00-04:00,326.24,330.58,325.28,330.46,561592,5594,328.627946
QQQ,2022-08-15T00:00:00-04:00,329.52,333.56,329.52,333.07,487655,4167,331.940829
QQQ,2022-08-16T00:00:00-04:00,331.97,334.41,329.18,332.31,556251,5017,331.931153
QQQ,2022-08-17T00:00:00-04:00,329.03,331.385,326.44,328.5,609038,5772,328.552723
QQQ,2022-08-18T00:00:00-04:00,328.51,330.42,326.905,329.295,381390,3920,329.206784
QQQ,2022-08-19T00:00:00-04:00,326.16,326.73,322.14,322.93,660484,4880,323.342868
QQQ,2022-08-22T00:00:00-04:00,318.48,318.7,313.54,314.485,844680,7445,315.306404
QQQ,2022-08-23T00:00:00-04:00,314.12,317,313.34,314,735687,6683,314.717802
QQQ,2022-08-24T00:00:00-04:00,313.55,316.815,313.14,315.04,467855,4441,315.240179
QQQ,2022-08-25T00:00:00-04:00,316.84,320.6,315.83,320.54,434915,3742,318.749456
QQQ,2022-08-26T00:00:00-04:00,320.32,321.37,307.42,307.46,735415,5000,311.394677
QQQ,2022-08-29T00:00:00-04:00,304.51,307.15,303.36,304.42,787958,7199,305.266946
QQQ,2022-08-30T00:00:00-04:00,306.26,306.64,298.47,300.98,792711,7757,301.0028
QQQ,2022-08-31T00:00:00-04:00,304.01,304.85,299.19,299.27,650374,5066,300.943384
QQQ,2022-09-01T00:00:00-04:00,296.55,299.76,292.96,299.48,990829,8236,295.918243
QQQ,2022-09-02T00:00:00-04:00,302.34,303.725,293.525,295.24,838717,7898,297.800824
QQQ,2022-09-06T00:00:00-04:00,295.67,296.55,290.93,293.06,690858,5035,293.472517
QQQ,2022-09-07T00:00:00-04:00,293.53,299.965,293.35,298.95,767792,5433,297.300327
QQQ,2022-09-08T00:00:00-04:00,296.51,301.82,295.55,300.54,629754,4938,299.112375
QQQ,2022-09-09T00:00:00-04:00,302.9,307.58,302.89,306.98,685314,5293,306.258887
QQQ,2022-09-12T00:00:00-04:00,308.5,311.02,308.23,310.75,551474,5996,310.069474
QQQ,2022-09-13T00:00:00-04:00,301.725,302.98,292.79,293.715,1639217,12566,296.553395
QQQ,2022-09-14T00:00:00-04:00,294.85,296.86,293.13,296.02,780051,6469,295.032909
QQQ,2022-09-15T00:00:00-04:00,294.02,296.47,289.48,291.02,819064,6917,292.252975
QQQ,2022-09-16T00:00:00-04:00,287.64,289.695,285.66,289.19,786282,7999,287.776349
QQQ,2022-09-19T00:00:00-04:00,286.14,291.195,286.1,291.05,634887,4796,289.087758
QQQ,2022-09-20T00:00:00-04:00,288.49,291.06,286.38,288.68,808606,6000,288.573438
QQQ,2022-09-21T00:00:00-04:00,289.64,293.89,283.45,283.46,1294549,8072,288.353246
QQQ,2022-09-22T00:00:00-04:00,281.9,282.97,278.87,280,1184572,9477,280.667014
QQQ,2022-09-23T00:00:00-04:00,277.61,277.74,272.04,275.68,960429,6591,274.843828
QQQ,2022-09-26T00:00:00-04:00,275.01,279.39,273.62,273.96,969552,5791,275.959285
QQQ,2022-09-27T00:00:00-04:00,277.83,280.1,272.11,274.6,1063952,6738,275.319297
QQQ,2022-09-28T00:00:00-04:00,274.44,281.23,272.97,279.8,1045547,7109,277.908336
QQQ,2022-09-29T00:00:00-04:00,275.9,276.2,268.87,272.05,950495,7373,271.504527
QQQ,2022-09-30T00:00:00-04:00,270.98,275.14,267.1,267.55,858173,6403,271.001186
QQQ,2022-10-03T00:00:00-04:00,269.09,275.12,267.63,273.39,670269,4711,272.310501
QQQ,2022-10-04T00:00:00-04:00,279.02,282.84,279.02,282.04,762862,5743,281.466419
QQQ,2022-10-05T00:00:00-04:00,278.27,283.775,275.6,281.9,811389,6166,280.006613
QQQ,2022-10-06T00:00:00-04:00,281.01,284.12,279.44,279.79,748618,6118,280.90833
QQQ,2022-10-07T00:00:00-04:00,274.94,275.14,267.81,269.1,1079660,6261,270.60402
QQQ,2022-10-10T00:00:00-04:00,269.33,269.61,263.66,266.12,1001869,6351,266.242503
QQQ,2022-10-11T00:00:00-04:00,264.63,267.56,261.09,263.02,1130939,7666,263.67485
QQQ,2022-10-12T00:00:00-04:00,263.41,265.3,262.01,262.69,740967,5368,263.443032
QQQ,2022-10-13T00:00:00-04:00,255.17,270.15,254.27,268.73,1196277,7387,264.530052
QQQ,2022-10-14T00:00:00-04:00,271.24,271.71,260.15,260.67,928971,6697,263.621668
QQQ,2022-10-17T00:00:00-04:00,266.81,270.23,266.8,269.48,936063,7984,268.985438
QQQ,2022-10-18T00:00:00-04:00,276.58,277.19,268.84,271.69,818027,5973,272.007843
QQQ,2022-10-19T00:00:00-04:00,269.7,273.62,268.09,270.63,524384,3741,270.34975
QQQ,2022-10-20T00:00:00-04:00,269.47,274.83,267.92,269.02,750258,7674,270.987562
QQQ,2022-10-21T00:00:00-04:00,268,275.955,266.98,275.64,812582,7978,272.949942
QQQ,2022-10-24T00:00:00-04:00,275.88,279.37,272.005,278.45,662515,6526,276.951712
QQQ,2022-10-25T00:00:00-04:00,279.46,284.57,279.46,284.25,839835,5309,283.013412
QQQ,2022-10-26T00:00:00-04:00,278.46,283.93,277.5,277.86,1079546,9393,279.814008
QQQ,2022-10-27T00:00:00-04:00,276.86,278.25,272.355,272.66,710486,6883,274.311033
QQQ,2022-10-28T00:00:00-04:00,272.17,281.69,272.07,281.22,1202156,10242,278.800528
QQQ,2022-10-31T00:00:00-04:00,278.88,279.65,276.02,277.88,822406,5841,278.054023
QQQ,2022-11-01T00:00:00-04:00,281.68,282.04,274.74,275.01,756291,6211,276.707951
QQQ,2022-11-02T00:00:00-04:00,275.05,278.01,265.63,265.63,1288226,9274,271.831321
QQQ,2022-11-03T00:00:00-04:00,262.85,264.48,260.16,260.48,1243492,9451,262.183212
QQQ,2022-11-04T00:00:00-04:00,265.61,266.45,259.09,264.65,1327590,9844,262.474099
QQQ,2022-11-07T00:00:00-05:00,265.78,268.14,263.58,267.62,657970,6271,266.1469
QQQ,2022-11-08T00:00:00-05:00,269.2,272.85,265.53,269.51,1151251,8931,269.518843
QQQ,2022-11-09T00:00:00-05:00,267.77,268.52,263.03,263.24,867623,6716,265.648917
QQQ,2022-11-10T00:00:00-05:00,276.11,283.02,273.91,282.65,1524015,10039,279.122969
QQQ,2022-11-11T00:00:00-05:00,282.73,288.64,281.25,287.96,1035609,11451,286.292855
QQQ,2022-11-14T00:00:00-05:00,285.88,289.17,284.61,285.225,862880,7963,286.767625
QQQ,2022-11-15T00:00:00-05:00,292.34,293.21,285.99,289.4,769473,7933,290.512305
QQQ,2022-11-16T00:00:00-05:00,287.19,287.735,284.63,285.415,605323,7045,285.959088
QQQ,2022-11-17T00:00:00-05:00,280.89,286.3,280.79,284.83,1062137,6590,283.685444
QQQ,2022-11-18T00:00:00-05:00,287.88,287.96,282.36,284.81,602097,5062,284.277453
QQQ,2022-11-21T00:00:00-05:00,283.41,284.57,281.05,281.82,440401,3235,282.2183
QQQ,2022-11-22T00:00:00-05:00,282.79,286.105,280.49,285.935,595784,5779,283.818539
QQQ,2022-11-23T00:00:00-05:00,285.98,289.39,285.795,288.79,524320,5047,288.060157
QQQ,2022-11-25T00:00:00-05:00,287.27,287.88,286.51,286.85,203830,2204,287.128483
QQQ,2022-11-28T00:00:00-05:00,284.69,286.94,281.79,282.65,464348,5102,284.068304
QQQ,2022-11-29T00:00:00-05:00,282.79,283.31,279.17,280.54,479725,4436,280.846439
QQQ,2022-11-30T00:00:00-05:00,280.85,293.43,279.99,293.43,1019112,6981,287.939238
QQQ,2022-12-01T00:00:00-05:00,293.65,295.6,290.97,293.82,663700,6941,293.451935
QQQ,2022-12-02T00:00:00-05:00,288.56,293.395,288.39,292.62,703758,6405,290.923764
QQQ,2022-12-05T00:00:00-05:00,290.42,291.67,286.18,287.56,646415,6229,288.369318
QQQ,2022-12-06T00:00:00-05:00,287.41,287.58,280.265,281.79,644216,7078,282.655263
QQQ,2022-12-07T00:00:00-05:00,280.36,282.55,278.88,280.42,432457,4490,280.489902
QQQ,2022-12-08T00:00:00-05:00,281.88,284.795,279.81,283.97,562920,4169,283.381074
QQQ,2022-12-09T00:00:00-05:00,282.85,285.605,281.65,282.08,409336,4115,284.077021
QQQ,2022-12-12T00:00:00-05:00,282.19,285.6,281.18,285.6,405100,4554,283.353052
QQQ,2022-12-13T00:00:00-05:00,296.78,296.81,286.03,288.64,688520,6160,290.717195
QQQ,2022-12-14T00:00:00-05:00,288.04,291.35,283.32,286.44,717007,6475,287.954362
QQQ,2022-12-15T00:00:00-05:00,282.23,282.91,275.71,276.85,940130,8297,277.789299
QQQ,2022-12-16T00:00:00-05:00,276.2,277.76,272.65,274.19,764887,5881,274.452232
QQQ,2022-12-19T00:00:00-05:00,273.87,273.87,268.5,269.91,481125,4034,270.431386
QQQ,2022-12-20T00:00:00-05:00,268.565,271.265,266.98,269.55,480087,3778,269.559148
QQQ,2022-12-21T00:00:00-05:00,270.64,274.77,269.75,273.55,483162,4405,273.05473
QQQ,2022-12-22T00:00:00-05:00,270.26,270.46,262.51,266.79,917819,6721,265.585823
QQQ,2022-12-23T00:00:00-05:00,265.41,268,263.66,267.34,280505,2975,265.936597
QQQ,2022-12-27T00:00:00-05:00,266.78,266.78,263.125,263.46,577382,4480,264.485088
QQQ,2022-12-28T00:00:00-05:00,263.19,265.36,259.745,260.04,1131232,5513,261.75078
QQQ,2022-12-29T00:00:00-05:00,262.99,267.4,262.28,266.475,865585,6225,266.210784
QQQ,2022-12-30T00:00:00-05:00,263.35,266.37,262.34,266.37,524404,5421,264.137102
QQQ,2023-01-03T00:00:00-05:00,268.63,270.09,262.32,264.49,402071,5488,264.530346
QQQ,2023-01-04T00:00:00-05:00,266.7,267.395,262.6,265.76,654650,5874,265.251673
QQQ,2023-01-05T00:00:00-05:00,263.97,264.065,261.29,261.58,510243,5270,262.486769
QQQ,2023-01-06T00:00:00-05:00,263.295,269.9,260.38,268.71,652106,5800,266.613627
QQQ,2023-01-09T00:00:00-05:00,270.84,275.29,269.935,270.45,719596,6163,273.102363
QQQ,2023-01-10T00:00:00-05:00,269.48,272.88,269,272.88,423201,4918,271.365114
QQQ,2023-01-11T00:00:00-05:00,274.03,277.66,273.165,277.56,599239,5831,275.84366
QQQ,2023-01-12T00:00:00-05:00,278.34,279.975,273.76,279.08,676105,7437,278.01144
QQQ,2023-01-13T00:00:00-05:00,276.43,281.2,276.37,280.94,409279,3392,279.53534
QQQ,2023-01-17T00:00:00-05:00,280.85,282.83,279.67,281.445,475395,7205,281.229368
QQQ,2023-01-18T00:00:00-05:00,283.17,284.66,277.685,277.805,603389,7249,279.753074
QQQ,2023-01-19T00:00:00-05:00,276.11,277.37,273.96,275,492278,5195,275.734703
QQQ,2023-01-20T00:00:00-05:00,276.68,283.01,275.82,282.84,736764,7560,280.224461
QQQ,2023-01-23T00:00:00-05:00,283.54,290.2,282.75,289.1,930018,7079,288.072789
QQQ,2023-01-24T00:00:00-05:00,287.5,289.47,286.78,288.46,574001,7000,288.27005
QQQ,2023-01-25T00:00:00-05:00,283.72,288.32,281.21,287.58,642275,6397,284.831893
QQQ,2023-01-26T00:00:00-05:00,291.39,293.51,288.56,293.485,623970,5917,291.559763
QQQ,2023-01-27T00:00:00-05:00,292.08,298.235,292,296.16,718088,6191,295.920693
QQQ,2023-01-30T00:00:00-05:00,292.84,294.37,289.92,290.01,780744,5685,291.428908
QQQ,2023-01-31T00:00:00-05:00,290.39,294.72,290.24,294.68,561792,5163,292.785616
QQQ,2023-02-01T00:00:00-05:00,294.42,303.3,292.39,301.02,687618,6285,297.139514
QQQ,2023-02-02T00:00:00-05:00,307.56,313.665,306.8,311.75,1111955,9886,310.086637
QQQ,2023-02-03T00:00:00-05:00,304.89,312.315,304.56,306.15,874599,8147,308.211903
QQQ,2023-02-06T00:00:00-05:00,303.5,305.84,302.25,303.63,540966,6124,304.048972
QQQ,2023-02-07T00:00:00-05:00,303.48,311,302.33,310.045,757292,6308,306.491385
QQQ,2023-02-08T00:00:00-05:00,308.48,309.45,303.69,304.46,658666,7212,305.438262
QQQ,2023-02-09T00:00:00-05:00,308.915,308.97,300.23,301.61,716676,8037,303.853821
QQQ,2023-02-10T00:00:00-05:00,299.49,301.54,297.26,299.71,790502,7242,299.245181
QQQ,2023-02-13T00:00:00-05:00,301.1,305.06,299.93,304.495,556479,4894,303.53223
QQQ,2023-02-14T00:00:00-05:00,302.91,307.69,300.93,306.71,736026,7405,304.817402
QQQ,2023-02-15T00:00:00-05:00,304.9,309.25,304.29,309.25,611154,6982,307.147496
QQQ,2023-02-16T00:00:00-05:00,304.36,308.37,303.15,303.18,676499,5823,305.94069
QQQ,2023-02-17T00:00:00-05:00,301.07,301.76,298.13,301.09,780930,6840,299.985069
QQQ,2023-02-21T00:00:00-05:00,297.21,298.71,293.895,293.93,729607,6655,295.662506
QQQ,2023-02-22T00:00:00-05:00,294.73,296.09,292.6,294.14,587105,5977,294.247353
QQQ,2023-02-23T00:00:00-05:00,297.96,298.1,292.57,296.88,660736,6510,295.67307
QQQ,2023-02-24T00:00:00-05:00,291.44,292.88,290.05,291.79,692195,6466,291.190596
QQQ,2023-02-27T00:00:00-05:00,295.21,296.44,293.35,293.96,410046,4379,294.511748
QQQ,2023-02-28T00:00:00-05:00,293.3,296.07,293.04,293.56,438130,4154,294.436867
QQQ,2023-03-01T00:00:00-05:00,293.06,293.9,290.24,291.03,509452,3891,291.561929
QQQ,2023-03-02T00:00:00-05:00,288.6,294.43,288.38,293.69,591513,6660,291.536963
QQQ,2023-03-03T00:00:00-05:00,295.45,299.92,294.89,299.71,589148,5387,297.817496
QQQ,2023-03-06T00:00:00-05:00,301.1,303.98,299.83,300.03,686198,6317,301.651689
QQQ,2023-03-07T00:00:00-05:00,300.02,301.01,295.72,296.36,904425,8680,297.743325
QQQ,2023-03-08T00:00:00-05:00,296.78,298.42,294.965,297.83,740976,7553,296.910881
QQQ,2023-03-09T00:00:00-05:00,298.31,300.95,291.86,292.6,1149064,10079,295.856684
QQQ,2023-03-10T00:00:00-05:00,292.78,294.34,287.47,288.54,1074211,11824,290.020946
QQQ,2023-03-13T00:00:00-04:00,286.66,294.44,285.24,290.7,1050955,10700,291.386976
QQQ,2023-03-14T00:00:00-04:00,294.38,297.93,293.46,297.35,857947,8978,296.063147
QQQ,2023-03-15T00:00:00-04:00,294.49,299.235,293.27,298.85,1034085,11449,296.122644
QQQ,2023-03-16T00:00:00-04:00,298,307.17,297.255,306.8,1069409,10243,304.21043
QQQ,2023-03-17T00:00:00-04:00,306.7,309.08,303.43,305.32,888285,8900,305.54122
QQQ,2023-03-20T00:00:00-04:00,304.3,306.29,302.01,305.74,769090,8589,304.311419
QQQ,2023-03-21T00:00:00-04:00,307.93,310.74,306.41,310.23,618504,5990,308.43764
QQQ,2023-03-22T00:00:00-04:00,310.25,315.19,305.95,306.05,821367,8915,311.041363
QQQ,2023-03-23T00:00:00-04:00,309.89,314.08,307.06,309.72,1009362,8234,310.691585
QQQ,2023-03-24T00:00:00-04:00,309.17,310.965,307.02,310.95,705942,7136,309.024916
QQQ,2023-03-27T00:00:00-04:00,311.645,312.645,307.91,308.68,724433,6590,309.663507
QQQ,2023-03-28T00:00:00-04:00,308.16,308.16,304.78,307.14,717556,8019,306.132206
QQQ,2023-03-29T00:00:00-04:00,310.9,313.29,310.07,312.73,986317,10318,311.79301
QQQ,2023-03-30T00:00:00-04:00,315.23,316.29,313.94,315.69,1302146,10808,315.174721
QQQ,2023-03-31T00:00:00-04:00,315.92,321.16,315.66,320.83,1015000,10013,318.960621
QQQ,2023-04-03T00:00:00-04:00,318.75,320.39,317.48,320.17,812455,9227,318.959931
QQQ,2023-04-04T00:00:00-04:00,320.62,321.63,317.83,319.105,712960,7572,319.392063
QQQ,2023-04-05T00:00:00-04:00,318.03,318.23,314.07,315.83,1091031,9268,315.793989
QQQ,2023-04-06T00:00:00-04:00,314.19,318.54,312.88,318.11,789099,7882,316.394797
QQQ,2023-04-10T00:00:00-04:00,315.08,317.87,313.25,317.77,726034,6984,315.651991
QQQ,2023-04-11T00:00:00-04:00,317.8,317.8,315.36,315.79,569251,7534,316.289928
QQQ,2023-04-12T00:00:00-04:00,317.84,318.4,312.57,312.95,926466,9556,315.18095
QQQ,2023-04-13T00:00:00-04:00,314.85,319.65,314.66,319.24,853232,8958,317.876585
QQQ,2023-04-14T00:00:00-04:00,317.57,320.33,315.64,318.59,946837,8829,317.738084
QQQ,2023-04-17T00:00:00-04:00,318.17,319.185,316.15,318.77,658395,7006,317.74573
QQQ,2023-04-18T00:00:00-04:00,321.05,321.36,317.65,318.85,632097,6431,318.99268
QQQ,2023-04-19T00:00:00-04:00,316.29,319.64,316.28,318.77,548971,5532,318.365593
QQQ,2023-04-20T00:00:00-04:00,315.62,319.26,314.975,316.29,976407,9314,316.985804
QQQ,2023-04-21T00:00:00-04:00,315.85,317.39,314.13,316.66,575491,6540,316.059502
QQQ,2023-04-24T00:00:00-04:00,316.33,317.72,313.74,315.91,674098,6608,315.456067
QQQ,2023-04-25T00:00:00-04:00,314.28,314.97,309.92,309.92,780313,7395,311.998926
QQQ,2023-04-26T00:00:00-04:00,313.4,314.935,311.34,311.88,853164,8514,312.912488
QQQ,2023-04-27T00:00:00-04:00,315.74,320.85,315.05,320.37,1196713,10932,318.688183
QQQ,2023-04-28T00:00:00-04:00,319.98,322.615,318.98,322.61,1189235,10129,321.014348
QQQ,2023-05-01T00:00:00-04:00,322.09,323.58,321.11,322.205,703067,6185,322.317465
QQQ,2023-05-02T00:00:00-04:00,322.12,322.42,317.69,319.26,813866,7994,319.489823
QQQ,2023-05-03T00:00:00-04:00,319.75,322.38,317.2,317.355,490092,4970,319.571684
QQQ,2023-05-04T00:00:00-04:00,317.04,318.21,315.15,316.19,705119,8405,316.584691
QQQ,2023-05-05T00:00:00-04:00,318.36,323.74,318.11,322.89,869794,7407,321.739144
QQQ,2023-05-08T00:00:00-04:00,322.44,324.03,321.34,323.72,364890,4192,322.877354
QQQ,2023-05-09T00:00:00-04:00,322.105,322.82,321.35,321.56,438908,4206,321.878995
QQQ,2023-05-10T00:00:00-04:00,324.12,326.01,321.62,325.2,901207,6590,324.371817
QQQ,2023-05-11T00:00:00-04:00,325.71,326.745,324.14,326.115,485021,4422,325.719643
QQQ,2023-05-12T00:00:00-04:00,326.74,327.15,322.95,325.06,704816,5032,324.625722
QQQ,2023-05-15T00:00:00-04:00,325.53,327.03,323.99,326.75,673638,6190,325.911116
QQQ,2023-05-16T00:00:00-04:00,326.04,328.9,326.04,327.16,614020,5558,327.977551
QQQ,2023-05-17T00:00:00-04:00,328.245,331.685,327.08,331.2,572208,5152,329.9524
QQQ,2023-05-18T00:00:00-04:00,331.52,337.49,331.52,337.255,786674,7289,335.293539
QQQ,2023-05-19T00:00:00-04:00,337.59,338.165,335.44,336.44,707545,5828,336.560078
QQQ,2023-05-22T00:00:00-04:00,336.34,338.61,336.245,337.575,472749,4830,337.673381
QQQ,2023-05-23T00:00:00-04:00,335.92,337.025,333.02,333.32,621592,5891,334.983874
QQQ,2023-05-24T00:00:00-04:00,331.26,332.88,329.585,331.55,1036731,7155,330.835249
QQQ,2023-05-25T00:00:00-04:00,339.26,340.955,336.74,339.68,864846,7021,339.278317
QQQ,2023-05-26T00:00:00-04:00,340.77,349.23,340.72,348.42,1048914,8238,346.526655
QQQ,2023-05-30T00:00:00-04:00,352.84,353.895,348.57,349.9,1159352,8211,351.02235
QQQ,2023-05-31T00:00:00-04:00,348.26,350.57,346.54,347.58,1041848,6892,348.101039
QQQ,2023-06-01T00:00:00-04:00,347.73,353.305,346.68,352,519502,4441,350.859969
QQQ,2023-06-02T00:00:00-04:00,353.89,355.8,352.05,354.48,503945,5731,354.401165
QQQ,2023-06-05T00:00:00-04:00,354.49,357.49,353.86,354.895,546924,4712,355.556714
QQQ,2023-06-06T00:00:00-04:00,354.22,355.71,352.97,354.97,583134,6684,354.572989
QQQ,2023-06-07T00:00:00-04:00,355.23,357.06,348.2,348.79,1163036,8298,350.809198
QQQ,2023-06-08T00:00:00-04:00,349.18,353.6,348.95,353.17,622613,4829,351.921609
QQQ,2023-06-09T00:00:00-04:00,354.625,357.625,353.08,354.475,641466,5477,355.330529
QQQ,2023-06-12T00:00:00-04:00,356.21,360.575,355.2,360.51,498184,5499,357.861308
QQQ,2023-06-13T00:00:00-04:00,363.43,364.07,360.13,363.31,527279,4865,362.464078
QQQ,2023-06-14T00:00:00-04:00,363.31,366.15,360.42,365.89,639020,4396,363.978785
QQQ,2023-06-15T00:00:00-04:00,364.68,371.765,364,370.26,724691,5712,368.827312
QQQ,2023-06-16T00:00:00-04:00,372.74,372.81,367.48,367.78,840702,5460,369.96361
QQQ,2023-06-20T00:00:00-04:00,366.03,368.31,363.95,366.95,444755,4906,366.17778
QQQ,2023-06-21T00:00:00-04:00,365.855,366.13,360.99,361.96,480117,4557,362.782429
QQQ,2023-06-22T00:00:00-04:00,360.64,366.31,360.27,366.22,452628,4909,364.389722
QQQ,2023-06-23T00:00:00-04:00,362.16,364.76,360.86,362.53,455561,5322,362.653254
QQQ,2023-06-26T00:00:00-04:00,362.05,364.83,357.61,357.73,675218,5099,359.922005
QQQ,2023-06-27T00:00:00-04:00,359.21,364.54,358.62,363.86,622054,4888,362.29599
QQQ,2023-06-28T00:00:00-04:00,362.03,366.46,361.99,364.55,460298,4565,364.212741
QQQ,2023-06-29T00:00:00-04:00,364.25,364.825,362.2,363.84,798991,5601,363.659955
QQQ,2023-06-30T00:00:00-04:00,367.57,370.48,367.28,369.54,997914,6524,369.525637
QQQ,2023-07-03T00:00:00-04:00,369.98,370.9,368.98,370.33,174788,1873,369.867467
QQQ,2023-07-05T00:00:00-04:00,368.71,371.995,368.71,370.27,361578,3573,370.602429
QQQ,2023-07-06T00:00:00-04:00,366.54,367.9,364.52,367.495,579301,5248,366.26708
QQQ,2023-07-07T00:00:00-04:00,367.23,370.44,366.04,366.22,666137,4939,368.191961
QQQ,2023-07-10T00:00:00-04:00,365.97,367,363.47,366.39,468136,4289,365.514393
QQQ,2023-07-11T00:00:00-04:00,366.79,368.57,364.66,368.18,392961,4889,366.812543
QQQ,2023-07-12T00:00:00-04:00,372.44,374.17,370.33,372.75,682932,6320,372.626013
QQQ,2023-07-13T00:00:00-04:00,376.09,379.985,375.47,379.2,473061,4860,378.029071
QQQ,2023-07-14T00:00:00-04:00,379.73,382.86,378.245,379.14,456464,4137,380.479052
QQQ,2023-07-17T00:00:00-04:00,379.8,383.45,379.42,382.46,382878,3943,381.411076
QQQ,2023-07-18T00:00:00-04:00,381.91,387.08,380.01,385.84,737398,6413,383.640874
QQQ,2023-07-19T00:00:00-04:00,386.82,387.96,384.34,385.32,431719,3966,386.011477
QQQ,2023-07-20T00:00:00-04:00,382.56,384.06,375.77,376.65,1119180,7320,379.258817
QQQ,2023-07-21T00:00:00-04:00,379.135,379.855,375.2,375.76,732344,5702,376.813772
QQQ,2023-07-24T00:00:00-04:00,376.63,377.55,374.37,376.22,327253,3492,376.055387
QQQ,2023-07-25T00:00:00-04:00,376.99,380.45,376.99,378.87,409780,4364,378.908149
QQQ,2023-07-26T00:00:00-04:00,377.6,379.12,375.21,377.54,472810,4246,376.989899
QQQ,2023-07-27T00:00:00-04:00,383.11,384.58,375.32,376.63,710591,5383,379.733043
QQQ,2023-07-28T00:00:00-04:00,380.6,384.48,380.22,383.41,760857,5503,383.176805
QQQ,2023-07-31T00:00:00-04:00,383.92,384.78,382.39,383.81,688010,5602,383.43505
QQQ,2023-08-01T00:00:00-04:00,382.35,383.54,380.73,382.84,533556,5997,382.516871
QQQ,2023-08-02T00:00:00-04:00,379.17,379.215,373.14,374.46,1057739,8367,375.393193
QQQ,2023-08-03T00:00:00-04:00,371.93,375.895,371.92,373.86,666654,6444,373.83156
QQQ,2023-08-04T00:00:00-04:00,375.725,378.085,371.55,371.97,679694,6550,374.7075
QQQ,2023-08-07T00:00:00-04:00,373.99,375.29,371.56,375.24,472160,5673,373.736128
QQQ,2023-08-08T00:00:00-04:00,372.61,372.62,368.85,371.93,499813,4808,370.627135
QQQ,2023-08-09T00:00:00-04:00,372.22,372.4,367.16,367.87,760695,5748,369.165811
QQQ,2023-08-10T00:00:00-04:00,371.01,374.35,367.035,368.55,696090,5987,370.279238
QQQ,2023-08-11T00:00:00-04:00,365.83,368,364.77,366.09,500401,4689,366.14995
QQQ,2023-08-14T00:00:00-04:00,365.52,370.47,364.725,370.45,420212,4696,368.744469
QQQ,2023-08-15T00:00:00-04:00,369.26,370.14,365.765,366.425,531580,4716,367.274972
QQQ,2023-08-16T00:00:00-04:00,365.85,367.27,362.465,362.56,534585,4251,364.744767
QQQ,2023-08-17T00:00:00-04:00,363.98,364.29,358.21,358.53,870264,6462,360.530739
QQQ,2023-08-18T00:00:00-04:00,355.13,359.355,354.75,358.13,778543,6305,357.03094
QQQ,2023-08-21T00:00:00-04:00,359.65,364.585,359.18,364.04,533770,5062,362.230932
QQQ,2023-08-22T00:00:00-04:00,366.51,366.52,362.71,363.38,542967,5414,364.036085
QQQ,2023-08-23T00:00:00-04:00,364.54,370.21,364.37,369.16,675891,5498,368.647081
QQQ,2023-08-24T00:00:00-04:00,372.67,372.67,361.03,361.03,967876,9462,365.111175
QQQ,2023-08-25T00:00:00-04:00,362.01,365.705,358.59,364.12,895799,6941,362.277227
QQQ,2023-08-28T00:00:00-04:00,367.03,367.7,364.275,366.81,559198,5030,365.910155
QQQ,2023-08-29T00:00:00-04:00,366.54,375.12,366.27,374.68,865070,6773,373.00638
QQQ,2023-08-30T00:00:00-04:00,374.94,377.41,373.88,376.89,586736,5029,376.206851
QQQ,2023-08-31T00:00:00-04:00,377.01,379.71,377,377.92,432228,3587,378.548222
QQQ,2023-09-01T00:00:00-04:00,380.42,380.72,376.12,377.66,521553,4529,377.677481
QQQ,2023-09-05T00:00:00-04:00,376.76,379.29,375.905,378.02,422367,4221,377.849188
QQQ,2023-09-06T00:00:00-04:00,377.22,377.575,372.73,374.83,655222,5694,374.511973
QQQ,2023-09-07T00:00:00-04:00,370.21,372.79,369.19,372.1,652019,5566,371.230181
QQQ,2023-09-08T00:00:00-04:00,372.01,374.83,371.625,372.66,418292,4169,373.107436
QQQ,2023-09-11T00:00:00-04:00,375.66,377.475,373.66,377.005,461315,4904,375.669483
QQQ,2023-09-12T00:00:00-04:00,375.09,376.61,372.52,372.81,573367,5048,373.908818
QQQ,2023-09-13T00:00:00-04:00,372.97,375.83,371.9,374.23,589657,4671,374.104712
QQQ,2023-09-14T00:00:00-04:00,375.96,378.26,373.955,377.25,510306,4629,376.921652
QQQ,2023-09-15T00:00:00-04:00,375.91,376.27,369.9,370.61,763450,6209,371.737545
QQQ,2023-09-18T00:00:00-04:00,369.36,371.76,369.04,370.7,569964,4272,370.571086
QQQ,2023-09-19T00:00:00-04:00,369.28,370.595,366.83,369.86,488847,3868,368.796153
QQQ,2023-09-20T00:00:00-04:00,370.92,371.23,364.5,364.55,780228,6161,368.023542
QQQ,2023-09-21T00:00:00-04:00,360.83,361.59,357.71,357.78,1072360,10001,359.725972
QQQ,2023-09-22T00:00:00-04:00,359.61,361.78,357.63,357.925,907471,7665,359.693362
QQQ,2023-09-25T00:00:00-04:00,356.9,359.68,355.945,359.68,497380,4163,358.103602
QQQ,2023-09-26T00:00:00-04:00,357.04,357.485,353.22,354.23,856169,7368,355.036904
QQQ,2023-09-27T00:00:00-04:00,355.38,356.96,351.36,355.14,766066,6420,354.318545
QQQ,2023-09-28T00:00:00-04:00,354.11,360.14,353.29,358.03,657225,5710,357.482618
QQQ,2023-09-29T00:00:00-04:00,361.52,362.915,357.05,358.39,947967,8024,360.008775
QQQ,2023-10-02T00:00:00-04:00,358.49,362.635,357.93,361.23,819023,6470,360.116798
QQQ,2023-10-03T00:00:00-04:00,358.77,360.96,353.275,354.89,925420,6774,355.558458
QQQ,2023-10-04T00:00:00-04:00,355.81,360.61,355.325,359.72,655832,5205,358.416501
QQQ,2023-10-05T00:00:00-04:00,359.79,360.12,355.16,358.51,619823,5196,357.83214
QQQ,2023-10-06T00:00:00-04:00,355.7,365.91,354.85,364.7,1384980,10037,362.633973
QQQ,2023-10-09T00:00:00-04:00,362.27,367.11,360.79,366.56,805096,6119,364.40236
QQQ,2023-10-10T00:00:00-04:00,366.89,371.27,366.4,368.515,755687,6577,369.177844
QQQ,2023-10-11T00:00:00-04:00,369.93,371.39,368.24,371.2,617876,6289,369.997992
QQQ,2023-10-12T00:00:00-04:00,371.78,373.515,367.55,369.86,757757,6504,370.658156
QQQ,2023-10-13T00:00:00-04:00,370.6,371.12,363.9,365.23,887140,7313,366.109161
QQQ,2023-10-16T00:00:00-04:00,366.67,370.455,366.56,369.4,713044,5582,369.247832
QQQ,2023-10-17T00:00:00-04:00,365.73,369.91,363.69,368.26,836418,6244,367.317926
QQQ,2023-10-18T00:00:00-04:00,365.64,367.88,362.07,363.04,745755,5284,364.66364
QQQ,2023-10-19T00:00:00-04:00,364.72,366,359.2,359.98,716531,5723,362.672387
QQQ,2023-10-20T00:00:00-04:00,359.29,360.03,354.37,354.64,1105932,7899,356.239501
QQQ,2023-10-23T00:00:00-04:00,353.22,359.2,351.28,355.79,934118,8172,356.132464
QQQ,2023-10-24T00:00:00-04:00,357.5,359.89,355.84,359.09,629285,5516,358.273742
QQQ,2023-10-25T00:00:00-04:00,356.69,356.785,349.76,350.39,968911,7345,352.10233
QQQ,2023-10-26T00:00:00-04:00,349.16,350.04,342.36,343.62,1144594,8657,345.236442
QQQ,2023-10-27T00:00:00-04:00,346.46,348.78,344.105,345.46,928616,7169,346.175439
QQQ,2023-10-30T00:00:00-04:00,347.89,350.52,346.49,349.16,901270,6302,348.709216
QQQ,2023-10-31T00:00:00-04:00,349.235,351.24,346.63,350.98,684922,5968,349.580872
QQQ,2023-11-01T00:00:00-04:00,351.7,357.525,351.7,357.08,905297,7567,354.575437
QQQ,2023-11-02T00:00:00-04:00,361.67,363.67,360.36,363.47,1043425,7998,362.491897
QQQ,2023-11-03T00:00:00-04:00,364.84,369.02,364.57,367.78,921047,7492,367.062032
QQQ,2023-11-06T00:00:00-05:00,368.605,369.72,366.91,369.25,601442,5646,368.408297
QQQ,2023-11-07T00:00:00-05:00,370.31,373.57,369.1,372.7,776567,6858,372.3355
QQQ,2023-11-08T00:00:00-05:00,373.03,373.76,370.63,372.99,662947,5402,372.508452
QQQ,2023-11-09T00:00:00-05:00,373.67,374.795,369.6,370.05,737336,6822,371.83568
QQQ,2023-11-10T00:00:00-05:00,371.83,378.53,371.3,378.38,987170,8105,376.284186
QQQ,2023-11-13T00:00:00-05:00,376.82,378.24,375.27,377.21,817186,6609,377.197482
QQQ,2023-11-14T00:00:00-05:00,383.71,386.25,383.2,385.26,1179061,9254,385.011077
QQQ,2023-11-15T00:00:00-05:00,387.355,387.73,384.24,385.66,973021,7356,386.035595
QQQ,2023-11-16T00:00:00-05:00,384.8,386.19,383.57,385.98,605568,5786,385.21964
QQQ,2023-11-17T00:00:00-05:00,385.19,387.06,384.31,386.03,480585,5901,385.655491
QQQ,2023-11-20T00:00:00-05:00,386.115,391.41,386.1,390.76,709153,6609,389.607861
QQQ,2023-11-21T00:00:00-05:00,389.06,389.21,386.72,388.44,729115,5425,388.024671
QQQ,2023-11-22T00:00:00-05:00,390.675,393.04,389.11,390.04,613665,5538,390.563687
QQQ,2023-11-24T00:00:00-05:00,389.66,390.23,388.54,389.5,399390,3042,389.259307
QQQ,2023-11-27T00:00:00-05:00,389.11,391.11,388.34,389.13,865562,7471,389.732662
QQQ,2023-11-28T00:00:00-05:00,388.44,390.74,388.06,390.15,442706,4149,389.348664
QQQ,2023-11-29T00:00:00-05:00,392.68,394.11,389.47,389.78,553770,5570,391.22405
QQQ,2023-11-30T00:00:00-05:00,390.01,390.48,385.83,388.94,854499,7193,387.617094
QQQ,2023-12-01T00:00:00-05:00,387.64,390.51,386.13,389.95,699581,7308,389.056819
QQQ,2023-12-04T00:00:00-05:00,386.05,386.59,382.66,386.26,834652,7669,385.141512
QQQ,2023-12-05T00:00:00-05:00,384.35,388.48,384.25,387.31,783764,7179,386.804183
QQQ,2023-12-06T00:00:00-05:00,390.31,390.34,384.71,385.02,699329,6839,386.663985
QQQ,2023-12-07T00:00:00-05:00,387.95,391.27,387.01,390.56,802938,6248,389.778639
QQQ,2023-12-08T00:00:00-05:00,388.68,392.62,388.615,392.15,820536,7769,391.262143
QQQ,2023-12-11T00:00:00-05:00,391.775,395.79,391.61,395.62,735452,8453,394.3688
QQQ,2023-12-12T00:00:00-05:00,395.58,398.79,394.42,398.78,628849,6049,397.364926
QQQ,2023-12-13T00:00:00-05:00,399.615,404.33,398.86,403.79,876140,8476,401.487695
QQQ,2023-12-14T00:00:00-05:00,404.99,406.29,400.365,403.4,1193959,11271,403.505081
QQQ,2023-12-15T00:00:00-05:00,404.08,406.53,403.59,404.935,1159311,10093,405.258538
QQQ,2023-12-18T00:00:00-05:00,404.94,407.98,404.65,407.15,713793,6636,406.764537
QQQ,2023-12-19T00:00:00-05:00,407.42,409.25,407.39,409.175,608962,6870,408.453023
QQQ,2023-12-20T00:00:00-05:00,408.29,410.46,402.92,403.06,1175586,9285,405.894108
QQQ,2023-12-21T00:00:00-05:00,407.04,408.13,404.47,407.79,885052,8812,406.552667
QQQ,2023-12-22T00:00:00-05:00,409.075,409.96,406.56,408.48,637361,6018,408.668112
QQQ,2023-12-26T00:00:00-05:00,409.3,411.56,409.23,410.9,441442,4051,410.563438
QQQ,2023-12-27T00:00:00-05:00,411.04,411.78,410.13,411.46,586308,4629,410.954443
QQQ,2023-12-28T00:00:00-05:00,412.69,412.89,410.94,411.26,598174,5354,411.79852
QQQ,2023-12-29T00:00:00-05:00,411.24,411.64,407.58,409.46,819315,7649,409.432445
QQQ,2024-01-02T00:00:00-05:00,405.78,405.99,400.26,402.6,1297521,11913,402.543684
QQQ,2024-01-03T00:00:00-05:00,399.94,400.92,397.95,398.27,914438,8407,399.306658
QQQ,2024-01-04T00:00:00-05:00,396.41,399.56,396.07,396.34,723313,6298,397.411295
QQQ,2024-01-05T00:00:00-05:00,396.39,399.5,395.36,396.71,803880,7970,397.40965
QQQ,2024-01-08T00:00:00-05:00,398.21,405.235,397.86,405,1161944,9261,403.286226
QQQ,2024-01-09T00:00:00-05:00,401.91,406.65,401.73,405.78,754373,7512,404.488629
QQQ,2024-01-10T00:00:00-05:00,406.14,409.51,405.17,408.48,612283,6427,407.607114
QQQ,2024-01-11T00:00:00-05:00,409.89,411.14,404.28,409.35,957387,9062,407.382185
QQQ,2024-01-12T00:00:00-05:00,410.39,411.22,408.18,409.48,645052,5252,409.505344
QQQ,2024-01-16T00:00:00-05:00,408.34,411.11,406.92,409.52,693631,7115,408.959623
QQQ,2024-01-17T00:00:00-05:00,406.25,407.57,402.96,407.26,843557,7551,405.489931
QQQ,2024-01-18T00:00:00-05:00,410.79,413.57,409.17,413.14,1095655,10716,411.906288
QQQ,2024-01-19T00:00:00-05:00,415.2,421.33,414.645,421.24,1209826,11308,418.632396
QQQ,2024-01-22T00:00:00-05:00,423.52,424.69,421.16,421.75,669193,6694,422.338578
QQQ,2024-01-23T00:00:00-05:00,422.38,423.635,420.59,423.39,670012,5966,422.24504
QQQ,2024-01-24T00:00:00-05:00,427.4,429.84,425.34,425.85,777252,6982,427.455834
QQQ,2024-01-25T00:00:00-05:00,428.38,429.03,423.98,426.3,730987,6091,426.516248
QQQ,2024-01-26T00:00:00-05:00,424.42,426.19,423.2,423.72,559477,4617,424.412375
QQQ,2024-01-29T00:00:00-05:00,424.23,428.35,423.63,428.15,584984,5554,426.367737
QQQ,2024-01-30T00:00:00-05:00,427.18,427.65,424.39,425.26,547659,5941,425.980371
QQQ,2024-01-31T00:00:00-05:00,420.55,422.86,416.81,416.95,842864,7724,419.327229
QQQ,2024-02-01T00:00:00-05:00,418.72,422.365,417.81,422.07,756691,6900,420.268995
QQQ,2024-02-02T00:00:00-05:00,423.67,430.24,422.84,429.145,854002,7820,427.914981
QQQ,2024-02-05T00:00:00-05:00,429.02,429.59,425.06,428.42,638373,6296,427.985777
QQQ,2024-02-06T00:00:00-05:00,429.58,430.155,425.25,427.67,696341,6897,426.897492
QQQ,2024-02-07T00:00:00-05:00,430.45,432.81,429.09,432.03,734367,6577,431.504262
QQQ,2024-02-08T00:00:00-05:00,432.28,433.54,431.45,432.79,453020,5197,432.704898
QQQ,2024-02-09T00:00:00-05:00,433.95,437.83,433.18,437.03,619419,5878,436.036219
QQQ,2024-02-12T00:00:00-05:00,436.7,439.13,434.67,435.39,664965,5411,436.806443
QQQ,2024-02-13T00:00:00-05:00,426.98,431.26,425.35,428.49,1038211,8353,428.173391
QQQ,2024-02-14T00:00:00-05:00,431.255,433.65,428.895,433.26,742785,6912,431.385243
QQQ,2024-02-15T00:00:00-05:00,434.11,434.95,431.35,434.48,694952,6309,433.515851
QQQ,2024-02-16T00:00:00-05:00,434.82,434.92,429.9,430.58,794374,7732,432.321506
QQQ,2024-02-20T00:00:00-05:00,428.39,430.01,423.55,427.31,635129,6721,425.810333
QQQ,2024-02-21T00:00:00-05:00,424.31,425.69,421.67,425.5,482490,5865,424.042878
QQQ,2024-02-22T00:00:00-05:00,434.49,439.12,433.74,438.2,1028388,8926,437.069349
QQQ,2024-02-23T00:00:00-05:00,439.63,440.57,435.84,436.77,587938,6591,437.899929
QQQ,2024-02-26T00:00:00-05:00,437.64,438.58,436.37,436.63,419384,4445,437.428363
QQQ,2024-02-27T00:00:00-05:00,437.51,437.955,435.07,437.6,691213,6059,437.156372
QQQ,2024-02-28T00:00:00-05:00,435.47,436.66,434.36,435.27,525041,5250,435.384248
QQQ,2024-02-29T00:00:00-05:00,438.21,440.085,435.06,439.11,903937,7264,438.213418
QQQ,2024-03-01T00:00:00-05:00,439.84,446.55,439.84,445.645,644883,6000,444.562887
QQQ,2024-03-04T00:00:00-05:00,445.55,446,443.8,444.04,470519,5056,444.933382
QQQ,2024-03-05T00:00:00-05:00,440.625,440.78,433.65,435.97,886000,7098,435.943371
QQQ,2024-03-06T00:00:00-05:00,440.32,441.945,436.91,438.86,538054,5402,439.396264
QQQ,2024-03-07T00:00:00-05:00,442.44,446.69,440.89,445.53,641686,5278,445.241194
QQQ,2024-03-08T00:00:00-05:00,445.75,448.61,438.35,439.17,868758,7412,442.059091
QQQ,2024-03-11T00:00:00-04:00,437.23,438.57,435.46,437.36,516925,6110,437.296471
QQQ,2024-03-12T00:00:00-04:00,439.92,444.01,436.54,443.65,499377,4355,442.165026
QQQ,2024-03-13T00:00:00-04:00,442.67,442.67,439.25,440.21,543637,5354,440.815779
QQQ,2024-03-14T00:00:00-04:00,441.46,441.995,436.415,439.13,559795,4792,438.970982
QQQ,2024-03-15T00:00:00-04:00,436.16,436.73,432.76,433.95,619753,6709,434.435028
QQQ,2024-03-18T00:00:00-04:00,438.855,441.04,437.245,437.43,558839,5278,439.06692
QQQ,2024-03-19T00:00:00-04:00,435.48,438.97,433.425,438.62,495542,5199,436.784595
QQQ,2024-03-20T00:00:00-04:00,439.94,444.1,438.07,443.88,448257,5317,440.949626
QQQ,2024-03-21T00:00:00-04:00,448.86,449.31,445.69,445.79,512562,5577,447.56365
QQQ,2024-03-22T00:00:00-04:00,445.115,447.47,444.57,446.18,329702,4326,446.147
QQQ,2024-03-25T00:00:00-04:00,443.36,446.26,442.59,444.76,319374,3647,445.022631
QQQ,2024-03-26T00:00:00-04:00,446.06,447.19,443.12,443.32,359593,4449,445.359547
QQQ,2024-03-27T00:00:00-04:00,446.46,446.46,442.05,444.93,571876,4642,443.564948
QQQ,2024-03-28T00:00:00-04:00,444.85,445.59,443.66,444.09,528840,4686,444.659295
QQQ,2024-04-01T00:00:00-04:00,444.97,447.49,443.11,445,404872,4913,445.035621
QQQ,2024-04-02T00:00:00-04:00,439.87,441.39,438.045,441.12,628047,6683,439.743708
QQQ,2024-04-03T00:00:00-04:00,439.035,444,439.03,442.09,339958,3611,442.243169
QQQ,2024-04-04T00:00:00-04:00,446.34,446.91,435.115,435.26,796229,5761,440.633759
QQQ,2024-04-05T00:00:00-04:00,436.8,443.13,436.04,440.52,756373,7002,440.5935
QQQ,2024-04-08T00:00:00-04:00,441.49,442.49,439.2,440.6,324310,3215,440.810167
QQQ,2024-04-09T00:00:00-04:00,443.01,443.18,437.45,442.26,449094,3945,440.641712
QQQ,2024-04-10T00:00:00-04:00,436.9,439.24,436.31,438.34,730063,5743,437.791914
QQQ,2024-04-11T00:00:00-04:00,440.365,446.3,438.08,445.475,625795,4608,443.504797
QQQ,2024-04-12T00:00:00-04:00,441.11,442.24,437,438.19,678947,5515,438.952482
QQQ,2024-04-15T00:00:00-04:00,442.11,442.11,430.24,430.97,597241,5619,434.754879
QQQ,2024-04-16T00:00:00-04:00,430.66,433.655,429.78,431.07,553677,5138,431.511556
QQQ,2024-04-17T00:00:00-04:00,433.12,433.12,424.91,425.76,526267,4504,427.80256
QQQ,2024-04-18T00:00:00-04:00,426.52,428.22,422.89,423.385,557550,5243,425.051512
QQQ,2024-04-19T00:00:00-04:00,422.12,422.68,413.12,414.71,886562,6794,417.124758
QQQ,2024-04-22T00:00:00-04:00,417.46,421.18,414,418.88,544801,4163,417.985726
QQQ,2024-04-23T00:00:00-04:00,420.9,426.155,420.47,425.105,436693,2772,423.740931
QQQ,2024-04-24T00:00:00-04:00,428.525,429.65,424.23,426.54,425851,4010,426.758062
QQQ,2024-04-25T00:00:00-04:00,418.87,425.29,418.18,424.46,672225,5077,422.054982
QQQ,2024-04-26T00:00:00-04:00,427.56,432.52,426.99,431.085,620701,4181,430.6988
QQQ,2024-04-29T00:00:00-04:00,433.355,433.72,430.04,432.83,335776,3342,432.236789
QQQ,2024-04-30T00:00:00-04:00,431.04,432.53,424.555,424.63,344265,2749,428.631752
QQQ,2024-05-01T00:00:00-04:00,422.94,430.04,420.73,421.3,461551,3692,423.959599
QQQ,2024-05-02T00:00:00-04:00,425.505,427.79,420.63,426.92,350318,3559,424.859803
QQQ,2024-05-03T00:00:00-04:00,434.49,436.29,432.88,435.435,475092,3705,435.0409
QQQ,2024-05-06T00:00:00-04:00,437.28,440.31,436.53,440.26,433790,3548,438.494299
QQQ,2024-05-07T00:00:00-04:00,440.7,441.94,439.61,440.26,389173,3219,440.826443
QQQ,2024-05-08T00:00:00-04:00,437.67,441.445,437.67,440.135,270441,2209,439.899126
QQQ,2024-05-09T00:00:00-04:00,440.36,441.585,438.595,441.07,368944,2696,440.679969
QQQ,2024-05-10T00:00:00-04:00,442.55,444.28,440.71,442.1,340349,2473,442.069855
QQQ,2024-05-13T00:00:00-04:00,444.03,444.03,442.02,443.21,194780,1854,442.898419
QQQ,2024-05-14T00:00:00-04:00,442.64,446.445,442.5,445.97,538083,3178,444.746533
QQQ,2024-05-15T00:00:00-04:00,448.51,453.15,446.94,452.87,529815,4144,451.462026
QQQ,2024-05-16T00:00:00-04:00,452.7,454.665,451.815,451.96,365122,1961,453.041075
QQQ,2024-05-17T00:00:00-04:00,452.07,452.68,449.58,451.83,324525,2465,451.565072
QQQ,2024-05-20T00:00:00-04:00,451.98,455.55,451.84,454.94,297861,2799,454.363849
QQQ,2024-05-21T00:00:00-04:00,452.97,455.96,452.87,455.83,298797,2934,454.705497
QQQ,2024-05-22T00:00:00-04:00,456.09,456.82,453.22,455.68,369100,3003,455.308458
QQQ,2024-05-23T00:00:00-04:00,460.52,460.52,451.89,453.76,419196,3461,456.368391
QQQ,2024-05-24T00:00:00-04:00,455.32,459.185,454.615,457.98,308712,2283,457.732431
QQQ,2024-05-28T00:00:00-04:00,459.215,459.71,456.73,459.69,552880,3108,458.395166
QQQ,2024-05-29T00:00:00-04:00,455.46,458.19,455.34,456.49,489260,3312,456.823776
QQQ,2024-05-30T00:00:00-04:00,455.19,455.23,450.26,451.46,335756,2425,453.144037
QQQ,2024-05-31T00:00:00-04:00,451.83,452.42,443.09,451.6,673729,4820,447.51618
QQQ,2024-06-03T00:00:00-04:00,454.71,455.55,447.92,453.11,356668,3848,452.206683
QQQ,2024-06-04T00:00:00-04:00,452.88,455.53,451.17,454.25,302322,3362,452.847484
QQQ,2024-06-05T00:00:00-04:00,457.93,463.61,456.96,463.59,601990,3739,461.961897
QQQ,2024-06-06T00:00:00-04:00,464.2,464.5,462.25,463.41,368197,2868,463.43747
QQQ,2024-06-07T00:00:00-04:00,462.63,465.69,461.88,462.98,257912,3210,463.509447
QQQ,2024-06-10T00:00:00-04:00,461.84,465.17,461.61,464.87,399382,3097,464.026383
QQQ,2024-06-11T00:00:00-04:00,463.53,468.11,462.11,468.11,420565,4093,465.364471
QQQ,2024-06-12T00:00:00-04:00,471.97,476.355,471.32,474.08,539059,3203,474.314115
QQQ,2024-06-13T00:00:00-04:00,477.72,478.33,474.56,476.66,397617,3509,476.890111
QQQ,2024-06-14T00:00:00-04:00,476.525,479.21,476.05,479.19,267261,2619,477.993562
QQQ,2024-06-17T00:00:00-04:00,479.39,486.75,478.34,485.04,458308,3582,483.443222
QQQ,2024-06-18T00:00:00-04:00,485.08,485.83,483.44,485.24,346499,2741,484.858448
QQQ,2024-06-20T00:00:00-04:00,486.53,486.79,479.705,481.44,486141,3226,482.99405
QQQ,2024-06-21T00:00:00-04:00,481.01,482.48,478.72,480.16,350203,3818,480.627626
QQQ,2024-06-24T00:00:00-04:00,478.18,479.8,473.84,474.03,348439,2641,476.078911
QQQ,2024-06-25T00:00:00-04:00,476.07,479.665,475.32,479.43,329810,2714,478.435802
QQQ,2024-06-26T00:00:00-04:00,478.45,480.9,478.31,480.41,254912,2016,479.679837
QQQ,2024-06-27T00:00:00-04:00,480.14,483.04,479.33,481.58,515001,3817,481.079484
QQQ,2024-06-28T00:00:00-04:00,482.35,487.16,478.61,479.06,343220,2970,481.455381
QQQ,2024-07-01T00:00:00-04:00,479.86,482.46,476.29,481.96,251650,2809,480.24989
QQQ,2024-07-02T00:00:00-04:00,480.51,487.03,480.36,487.01,336259,2476,485.283224
QQQ,2024-07-03T00:00:00-04:00,486.25,491.14,486.25,490.99,241862,2462,489.640877
QQQ,2024-07-05T00:00:00-04:00,492.04,496.595,491.65,496.23,405829,4105,495.534804
QQQ,2024-07-08T00:00:00-04:00,496.43,497.85,495.64,497.22,306190,2296,496.693473
QQQ,2024-07-09T00:00:00-04:00,498.97,499.99,496.275,497.82,282897,2126,497.861922
QQQ,2024-07-10T00:00:00-04:00,499.85,503.47,498.41,503.03,488305,3165,501.272411
QQQ,2024-07-11T00:00:00-04:00,503.06,503.15,490.775,491.905,646420,5690,494.735179
QQQ,2024-07-12T00:00:00-04:00,492.345,499.585,492.08,494.84,498123,3271,496.482365
QQQ,2024-07-15T00:00:00-04:00,496.69,500.91,494.12,496.2,240731,2494,496.967288
QQQ,2024-07-16T00:00:00-04:00,497.66,498.36,493.2,496.38,302987,3236,495.586011
QQQ,2024-07-17T00:00:00-04:00,488.11,488.77,481.715,481.825,722150,4976,484.444581
QQQ,2024-07-18T00:00:00-04:00,485.5,485.7,476.305,479.44,588848,4197,480.50136
QQQ,2024-07-19T00:00:00-04:00,479.06,481.68,474.19,475.31,529442,4085,476.973224
QQQ,2024-07-22T00:00:00-04:00,481.14,483.31,477.865,482.2,372713,4612,481.618563
QQQ,2024-07-23T00:00:00-04:00,481.46,484.41,480.17,480.78,238473,2713,481.847963
QQQ,2024-07-24T00:00:00-04:00,473.775,474.02,462.58,463.35,572994,4566,465.976538
QQQ,2024-07-25T00:00:00-04:00,463.72,467.82,455.64,458.22,605098,5872,461.510051
QQQ,2024-07-26T00:00:00-04:00,462.45,465.91,459.825,463.07,253195,2681,462.346968
QQQ,2024-07-29T00:00:00-04:00,465.66,467.89,462.05,463.91,219023,2442,465.383364
QQQ,2024-07-30T00:00:00-04:00,465.71,466.41,454.2,457.46,305703,3918,458.604482
QQQ,2024-07-31T00:00:00-04:00,467.97,472.72,466.425,471.01,468430,4975,469.852056
QQQ,2024-08-01T00:00:00-04:00,471.76,475.55,456.03,459.56,595685,6744,462.715739
QQQ,2024-08-02T00:00:00-04:00,450.9,453.44,444.52,448.66,636241,6734,447.751073
QQQ,2024-08-05T00:00:00-04:00,424.6,442.21,423.5,435.805,781499,7888,435.199214
QQQ,2024-08-06T00:00:00-04:00,437.64,447.01,434.86,439.53,504204,6349,441.785133
QQQ,2024-08-07T00:00:00-04:00,446.715,448.99,434.43,434.94,459278,5205,441.861506
QQQ,2024-08-08T00:00:00-04:00,441.02,448.89,437.39,448,392703,3267,445.781941
QQQ,2024-08-09T00:00:00-04:00,446.73,452.03,445.67,450.5,377238,4314,448.953371
QQQ,2024-08-12T00:00:00-04:00,451.38,454.19,448.61,451.4,207563,2623,451.446878
QQQ,2024-08-13T00:00:00-04:00,456.14,462.83,455.91,462.58,472272,4557,460.511498
QQQ,2024-08-14T00:00:00-04:00,463.59,464.995,458.49,462.82,418622,4588,462.126285
QQQ,2024-08-15T00:00:00-04:00,469.43,474.8,468.46,474.4,525489,5253,472.981991
QQQ,2024-08-16T00:00:00-04:00,472.68,476.29,471.92,475.06,274804,4201,474.127283
QQQ,2024-08-19T00:00:00-04:00,475.12,481.3,473.47,481.19,244460,3211,477.50613
QQQ,2024-08-20T00:00:00-04:00,480.39,482.91,478.56,480.18,339512,4082,480.750766
QQQ,2024-08-21T00:00:00-04:00,480.835,484.36,479.39,482.55,236860,2647,481.956816
QQQ,2024-08-22T00:00:00-04:00,484.72,485.5,473.87,474.92,596984,4824,476.753424
QQQ,2024-08-23T00:00:00-04:00,479.33,482.69,475.32,480.16,464277,4856,479.468552
QQQ,2024-08-26T00:00:00-04:00,479.52,480.34,473.25,475.36,685116,7840,475.436049
QQQ,2024-08-27T00:00:00-04:00,473.68,477.82,471.76,476.88,365586,5505,475.969689
QQQ,2024-08-28T00:00:00-04:00,476.46,476.985,467.93,471.24,453425,5606,471.565688
QQQ,2024-08-29T00:00:00-04:00,473.2,477.88,469.49,470.79,508150,6172,473.779335
QQQ,2024-08-30T00:00:00-04:00,474.91,476.87,470.58,476.43,423686,4376,474.712098
QQQ,2024-09-03T00:00:00-04:00,473.21,473.25,459.48,461.85,645566,7073,465.492232
QQQ,2024-09-04T00:00:00-04:00,458.55,464.415,457.77,460.6,470592,6218,461.417733
QQQ,2024-09-05T00:00:00-04:00,459.03,465.16,458.16,461.13,336157,4357,461.000919
QQQ,2024-09-06T00:00:00-04:00,460.44,461.14,448.2,448.86,674359,7842,451.122672
QQQ,2024-09-09T00:00:00-04:00,452.89,455.41,449.96,454.51,323244,4206,453.169706
QQQ,2024-09-10T00:00:00-04:00,456.32,459.15,452.29,458.83,339882,5295,456.722485
QQQ,2024-09-11T00:00:00-04:00,459.65,469.36,451.39,468.37,521668,5702,462.120598
QQQ,2024-09-12T00:00:00-04:00,468.7,474,466.92,473.18,570501,6401,471.556607
QQQ,2024-09-13T00:00:00-04:00,472.68,476.46,472.44,475.25,235659,3391,474.78658
QQQ,2024-09-16T00:00:00-04:00,473.17,473.79,469.98,473.095,233720,3609,472.025568
QQQ,2024-09-17T00:00:00-04:00,476.305,477.44,471.02,473.5,308495,4169,473.979841
QQQ,2024-09-18T00:00:00-04:00,474.62,478.71,470.86,471.44,375646,4984,474.004067
QQQ,2024-09-19T00:00:00-04:00,482.7,486.22,480.6,483.32,761519,7516,483.812519
QQQ,2024-09-20T00:00:00-04:00,482.64,483.67,478.365,482.31,394891,5559,481.555653
QQQ,2024-09-23T00:00:00-04:00,482.91,484.11,481.66,482.975,223947,3013,482.957477
QQQ,2024-09-24T00:00:00-04:00,484.51,486.3,480.18,485.48,310593,3905,484.167223
QQQ,2024-09-25T00:00:00-04:00,484.89,487.75,484.58,486.05,394103,4554,486.014406
QQQ,2024-09-26T00:00:00-04:00,493.6,493.65,485.83,489.36,511083,5566,489.245835
QQQ,2024-09-27T00:00:00-04:00,490.58,490.58,485.61,486.74,397377,4141,487.817312
QQQ,2024-09-30T00:00:00-04:00,485.77,488.41,483.01,487.94,478214,3937,486.662855
QQQ,2024-10-01T00:00:00-04:00,487.72,487.9,477.41,481.21,660250,6956,480.800591
QQQ,2024-10-02T00:00:00-04:00,480.09,483.84,477.78,481.96,226512,3019,481.73062
QQQ,2024-10-03T00:00:00-04:00,479.78,484.51,479.02,481.57,287230,3365,481.307316
QQQ,2024-10-04T00:00:00-04:00,487.51,487.88,482.49,487.37,439186,4721,485.739578
QQQ,2024-10-07T00:00:00-04:00,485.41,486.54,480.915,482.06,308498,3657,483.729119
QQQ,2024-10-08T00:00:00-04:00,484.64,489.96,483.88,489.205,408420,3456,487.917001
QQQ,2024-10-09T00:00:00-04:00,489.04,493.71,488.015,493.2,421834,3943,491.586033
QQQ,2024-10-10T00:00:00-04:00,490.89,494.39,489.58,492.62,220198,2497,492.393418
QQQ,2024-10-11T00:00:00-04:00,490.58,494.38,490.2,493.31,285339,2923,493.297509
QQQ,2024-10-14T00:00:00-04:00,495.75,498.81,495.35,497.5,350005,3250,497.26309
QQQ,2024-10-15T00:00:00-04:00,497.83,498.41,488.71,490.83,530358,5321,491.920328
QQQ,2024-10-16T00:00:00-04:00,491.18,491.62,487.7,490.9,253117,2753,490.144971
QQQ,2024-10-17T00:00:00-04:00,496.39,496.39,491.31,491.37,324263,4288,493.095653
QQQ,2024-10-18T00:00:00-04:00,494.03,495.54,493.36,494.51,316710,3408,494.553395
QQQ,2024-10-21T00:00:00-04:00,493.48,496.19,491.46,495.44,364941,3528,494.252222
QQQ,2024-10-22T00:00:00-04:00,492.73,497.425,491.99,495.96,279753,3220,495.499316
QQQ,2024-10-23T00:00:00-04:00,493.57,494.205,485.09,488.46,475303,5348,488.939839
QQQ,2024-10-24T00:00:00-04:00,492.16,492.97,489.505,492.3,293899,3560,491.703972
QQQ,2024-10-25T00:00:00-04:00,495.18,500.27,494.51,495.25,485755,5636,497.292826
QQQ,2024-10-28T00:00:00-04:00,498.465,498.465,495.125,495.4,292400,3063,496.198343
QQQ,2024-10-29T00:00:00-04:00,495.68,501.315,493.87,500.23,406649,4292,498.835231
QQQ,2024-10-30T00:00:00-04:00,499.32,500.25,495.92,496.51,417833,4265,498.116052
QQQ,2024-10-31T00:00:00-04:00,492.21,492.21,483.805,483.85,430032,4133,485.952504
QQQ,2024-11-01T00:00:00-04:00,485.46,490.72,485.46,487.41,444233,3612,488.27618
QQQ,2024-11-04T00:00:00-05:00,486.84,489.32,484.31,486.02,342665,4351,486.659352
QQQ,2024-11-05T00:00:00-05:00,487.61,492.85,487.57,492.19,274438,3635,491.35041
QQQ,2024-11-06T00:00:00-05:00,500.765,506.4,499.64,505.6,565333,6108,503.867051
QQQ,2024-11-07T00:00:00-05:00,508.4,514.27,508.4,513.55,395191,3678,512.04808
QQQ,2024-11-08T00:00:00-05:00,513.1,514.9,512.42,514.17,345774,4534,513.755962
QQQ,2024-11-11T00:00:00-05:00,515.36,515.53,511,513.91,304716,3526,513.145
QQQ,2024-11-12T00:00:00-05:00,513.75,514.66,509.89,512.88,377995,3643,512.811459
QQQ,2024-11-13T00:00:00-05:00,512.33,514.91,509.95,512.27,412586,3823,512.674223
QQQ,2024-11-14T00:00:00-05:00,512.27,512.66,507.81,508.76,308586,3275,510.050788
QQQ,2024-11-15T00:00:00-05:00,502.9,503.33,494.53,496.45,660729,7534,497.456203
QQQ,2024-11-18T00:00:00-05:00,498.15,502.085,496.82,499.96,371654,4488,499.897953
QQQ,2024-11-19T00:00:00-05:00,497.39,503.93,497.21,503.42,406599,4032,501.704282
QQQ,2024-11-20T00:00:00-05:00,503.16,503.46,496.57,503.08,346539,4486,500.349717
QQQ,2024-11-21T00:00:00-05:00,506.2,506.91,497.68,504.98,414521,5004,502.714181
QQQ,2024-11-22T00:00:00-05:00,504.43,506.52,502.8,505.79,262097,4281,505.17653
QQQ,2024-11-25T00:00:00-05:00,509.87,511.32,504.34,506.59,297786,3941,507.273138
QQQ,2024-11-26T00:00:00-05:00,508.4,510.12,507.24,509.33,289242,2589,508.572447
QQQ,2024-11-27T00:00:00-05:00,508.13,508.13,502.15,505.27,317474,3541,504.650349
QQQ,2024-11-29T00:00:00-05:00,505.98,510.21,505.36,509.74,175081,1952,508.677339
QQQ,2024-12-02T00:00:00-05:00,511.03,516.235,510.71,515.29,333408,4684,514.876117
QQQ,2024-12-03T00:00:00-05:00,514.08,517.14,513.5,516.95,248775,3389,515.630763
QQQ,2024-12-04T00:00:00-05:00,520.3,523.51,519.6,523.24,398393,4391,521.992228
QQQ,2024-12-05T00:00:00-05:00,523.33,523.98,521.49,521.89,261114,2552,522.522664
QQQ,2024-12-06T00:00:00-05:00,522.54,526.71,522.535,526.51,362449,4420,525.885928
QQQ,2024-12-09T00:00:00-05:00,525.52,526.31,521.23,522.39,396740,4825,523.115174
QQQ,2024-12-10T00:00:00-05:00,523.53,525.27,519.24,520.55,373370,4801,522.061765
QQQ,2024-12-11T00:00:00-05:00,524.93,530.57,524.6,529.95,471846,5148,529.11198
QQQ,2024-12-12T00:00:00-05:00,527.73,528.86,526.11,526.69,269611,3575,527.575016
QQQ,2024-12-13T00:00:00-05:00,530.42,533.06,527.31,530.44,325816,4277,530.026422
QQQ,2024-12-16T00:00:00-05:00,533.02,539.13,533,538.19,299183,4222,536.954713
QQQ,2024-12-17T00:00:00-05:00,536.4,537.42,534.15,535.81,452023,5348,535.609997
QQQ,2024-12-18T00:00:00-05:00,535.07,536.87,515.05,516.6,684833,7345,524.515319
QQQ,2024-12-19T00:00:00-05:00,521.17,521.63,513.85,514.18,636051,6369,517.316017
QQQ,2024-12-20T00:00:00-05:00,510.36,524.815,509.43,518.62,567163,6603,519.256455
QQQ,2024-12-23T00:00:00-05:00,519.61,520.73,516.27,517.84,65492,1215,519.389416
QQQ,2024-12-24T00:00:00-05:00,524.82,530.01,524.29,530.01,400296,4288,528.159095
QQQ,2024-12-26T00:00:00-05:00,528.34,531,526.49,529.6,235490,2622,529.640623
QQQ,2024-12-27T00:00:00-05:00,526.07,526.32,517.905,522.55,489143,4659,521.322974
QQQ,2024-12-30T00:00:00-05:00,515.46,519.3,511.92,515.57,395727,4814,515.864776
QQQ,2024-12-31T00:00:00-05:00,516.95,517.66,510.26,511.23,355308,4261,512.439471
QQQ,2025-01-02T00:00:00-05:00,514.23,516.59,505.71,510.33,442507,5394,511.04954
QQQ,2025-01-03T00:00:00-05:00,513.295,519.645,512.62,518.54,486069,4248,517.768775
QQQ,2025-01-06T00:00:00-05:00,524.185,527.9,522.05,524.55,427197,4373,525.072351
QQQ,2025-01-07T00:00:00-05:00,525.895,525.98,513.31,515.25,440385,4748,517.814338
QQQ,2025-01-08T00:00:00-05:00,515.08,516.85,510.57,515.19,292333,3965,514.654837
QQQ,2025-01-10T00:00:00-05:00,511.51,511.525,504,507.18,388651,5260,507.51345
QQQ,2025-01-13T00:00:00-05:00,501.21,505.99,499.71,505.52,367039,5108,502.830386
QQQ,2025-01-14T00:00:00-05:00,508.93,510.15,501.64,505.13,435149,5944,505.281128
QQQ,2025-01-15T00:00:00-05:00,513.04,517.825,511.84,516.56,528310,6040,515.977318
QQQ,2025-01-16T00:00:00-05:00,519,519,513.01,513.1,339679,6036,515.963086
QQQ,2025-01-17T00:00:00-05:00,522.87,523.41,518.92,521.77,551873,6173,521.554743
QQQ,2025-01-21T00:00:00-05:00,524.58,525.95,520.205,524.68,333235,4825,523.838147
QQQ,2025-01-22T00:00:00-05:00,529.59,533.8,529.38,531.515,589761,6004,532.10674
QQQ,2025-01-23T00:00:00-05:00,528.94,532.64,528.51,532.595,349780,6298,530.568885
QQQ,2025-01-24T00:00:00-05:00,532.92,533.7,528.175,529.62,411019,5110,530.232201
QQQ,2025-01-27T00:00:00-05:00,510.915,517.87,510.18,514.05,748550,9303,513.741637
QQQ,2025-01-28T00:00:00-05:00,515.29,522.99,511.8,521.81,504968,6251,519.802027
QQQ,2025-01-29T00:00:00-05:00,522.49,522.49,517.04,520.625,271136,3286,519.862108
QQQ,2025-01-30T00:00:00-05:00,523.775,526.025,518.385,523.06,358422,4514,522.421365
QQQ,2025-01-31T00:00:00-05:00,526.82,531.5,521.21,522.3,534714,7165,526.181763
QQQ,2025-02-03T00:00:00-05:00,513.29,520.775,511.1,517.97,462009,6390,517.259001
QQQ,2025-02-04T00:00:00-05:00,518.63,525.05,518.29,524.46,361085,5723,523.625184
QQQ,2025-02-05T00:00:00-05:00,521.805,527.01,520.67,526.83,237631,4042,524.534432
QQQ,2025-02-06T00:00:00-05:00,527.4,529.78,525.87,529.54,241619,4068,528.047205
QQQ,2025-02-07T00:00:00-05:00,530.18,532,522.36,522.975,258317,3575,525.321527
QQQ,2025-02-10T00:00:00-05:00,527.28,530.325,526.78,529.22,296002,4167,529.121181
QQQ,2025-02-11T00:00:00-05:00,526.005,529.835,525.97,527.9,274409,4419,528.161889
QQQ,2025-02-12T00:00:00-05:00,522.33,529.185,522.01,528.29,246200,4240,526.986706
QQQ,2025-02-13T00:00:00-05:00,529.98,536.2,529.22,535.88,395551,5678,533.846786
QQQ,2025-02-14T00:00:00-05:00,536.16,538.79,535.73,538.04,274285,4101,537.468363
QQQ,2025-02-18T00:00:00-05:00,539.8,539.96,536.12,539.29,328290,4502,538.001016
QQQ,2025-02-19T00:00:00-05:00,538.52,540.76,536.54,539.59,364030,4704,539.161706
QQQ,2025-02-20T00:00:00-05:00,538.67,538.99,532.58,537.14,436214,5058,535.777308
QQQ,2025-02-21T00:00:00-05:00,538.365,538.365,525.73,526.125,731745,7327,529.608609
QQQ,2025-02-24T00:00:00-05:00,527.5,528.88,519.555,519.82,574971,5943,522.626477
QQQ,2025-02-25T00:00:00-05:00,519.14,519.29,509.61,513.34,652088,9751,513.503637
QQQ,2025-02-26T00:00:00-05:00,515.52,519.655,511.37,514.49,451988,5832,515.478406
QQQ,2025-02-27T00:00:00-05:00,518.19,519.02,500.07,500.33,850220,10050,508.057871
QQQ,2025-02-28T00:00:00-05:00,499.86,508.77,496.95,508.08,740731,9158,503.700902
QQQ,2025-03-03T00:00:00-05:00,511.325,512.91,493.59,497.35,772811,11151,502.07175
QQQ,2025-03-04T00:00:00-05:00,494.18,503.73,487.76,495.49,919568,11213,495.345139
QQQ,2025-03-05T00:00:00-05:00,495.86,503.59,491.41,502.06,574384,7385,498.536311
QQQ,2025-03-06T00:00:00-05:00,493.28,498.5,486.3,488.35,825768,9560,490.64359
QQQ,2025-03-07T00:00:00-05:00,487.165,493.145,480.57,491.74,675541,9390,488.345724
QQQ,2025-03-10T00:00:00-04:00,483.42,483.94,468.76,473.295,1178241,11708,475.257725
QQQ,2025-03-11T00:00:00-04:00,472.33,478.78,467.09,471.68,1022894,12835,473.262724
QQQ,2025-03-12T00:00:00-04:00,479.15,480.9,471.95,477.1,626616,8379,477.15948
QQQ,2025-03-13T00:00:00-04:00,475.62,476.07,466.445,468.365,504801,6231,470.112948
QQQ,2025-03-14T00:00:00-04:00,473.73,480.55,473.31,479.67,537810,5701,478.219283
QQQ,2025-03-17T00:00:00-04:00,479.38,485.79,477.97,482.71,479593,4976,482.733022
QQQ,2025-03-18T00:00:00-04:00,479.205,479.23,472.41,474.585,529402,6381,474.855386
QQQ,2025-03-19T00:00:00-04:00,476.8,485.33,474.96,480.83,511635,5689,480.03489
QQQ,2025-03-20T00:00:00-04:00,476.88,484.51,476.28,479.31,495035,6856,480.200041
QQQ,2025-03-21T00:00:00-04:00,474.05,481.595,472.95,481.18,445099,5250,477.364669
QQQ,2025-03-24T00:00:00-04:00,487.55,491.415,487.17,490.49,638507,6012,490.110598
QQQ,2025-03-25T00:00:00-04:00,491.4,493.54,490.47,493.53,344270,4845,492.47358
QQQ,2025-03-26T00:00:00-04:00,492.39,493.11,482.85,484.54,585929,7050,487.260888
QQQ,2025-03-27T00:00:00-04:00,482.14,486.525,480.29,481.51,434421,4973,483.452161
QQQ,2025-03-28T00:00:00-04:00,479.81,480.43,468.06,468.96,692567,7018,471.444777
QQQ,2025-03-31T00:00:00-04:00,461.95,469.85,457.355,468.92,831644,8968,464.321984
QQQ,2025-04-01T00:00:00-04:00,467.29,473.53,464.43,472.62,536411,6565,469.836656
QQQ,2025-04-02T00:00:00-04:00,466.3,479.5,465.91,476.12,666636,6978,474.038583
QQQ,2025-04-03T00:00:00-04:00,456.41,460.015,450.16,450.7,1130282,10875,454.238414
QQQ,2025-04-04T00:00:00-04:00,438.23,440.19,423.16,423.48,1463192,13044,430.205201
QQQ,2025-04-07T00:00:00-04:00,408.07,443.13,402.51,423.79,1685094,14408,423.093665
QQQ,2025-04-08T00:00:00-04:00,438.205,442.93,409.815,416.36,1363796,10747,426.11968
QQQ,2025-04-09T00:00:00-04:00,415.67,467.79,415.54,464.74,1660096,14261,442.924866
QQQ,2025-04-10T00:00:00-04:00,453.67,455.465,432.72,446.23,1647639,11788,445.405874
QQQ,2025-04-11T00:00:00-04:00,445.51,455.61,441.57,454.27,542027,7241,451.115112
QQQ,2025-04-14T00:00:00-04:00,464.59,464.77,452.75,457.27,493143,5499,458.995151
QQQ,2025-04-15T00:00:00-04:00,458.25,462.35,456.34,458.12,274047,4065,459.131892
QQQ,2025-04-16T00:00:00-04:00,448.905,452.51,437.76,444.32,920470,9305,444.302056
QQQ,2025-04-17T00:00:00-04:00,447.18,447.73,441.36,444.03,689943,7658,444.689159
QQQ,2025-04-21T00:00:00-04:00,438.36,439.055,427.98,433.16,602291,6515,431.899054
QQQ,2025-04-22T00:00:00-04:00,438.95,447.44,437.76,444.35,966031,9164,443.096682
QQQ,2025-04-23T00:00:00-04:00,458.3,463.2,452.94,454.23,575712,5685,458.63329
QQQ,2025-04-24T00:00:00-04:00,456.48,467.63,455.94,467.24,680626,6901,464.117902
QQQ,2025-04-25T00:00:00-04:00,467.13,473.02,465.45,472.485,675070,7101,470.096424
QQQ,2025-04-28T00:00:00-04:00,473.04,474.78,466.19,472.48,568616,6192,470.813202
QQQ,2025-04-29T00:00:00-04:00,470.165,476.39,469.635,475.38,404084,5133,474.114932
QQQ,2025-04-30T00:00:00-04:00,466.88,477.06,462.47,475.23,438811,4442,470.396651
QQQ,2025-05-01T00:00:00-04:00,483.57,487.11,480.75,481.16,481172,5658,483.392412
QQQ,2025-05-02T00:00:00-04:00,486.62,490.905,484.86,488.865,542771,5895,488.645672
QQQ,2025-05-05T00:00:00-04:00,484.665,488.91,484.1,485.95,344706,4384,486.542518
QQQ,2025-05-06T00:00:00-04:00,479.545,484.8,478.25,481.34,389061,4135,481.908392
QQQ,2025-05-07T00:00:00-04:00,482.095,485.66,476.95,483.29,469391,6850,481.400302
QQQ,2025-05-08T00:00:00-04:00,488.48,492.7,484.28,488.16,688008,7592,489.84626
QQQ,2025-05-09T00:00:00-04:00,490.29,491.52,486.255,488.01,401353,5726,488.436217
QQQ,2025-05-12T00:00:00-04:00,507.04,507.88,501.56,507.8,621687,8326,505.341554
QQQ,2025-05-13T00:00:00-04:00,509.19,517.37,508.54,515.53,644020,8960,514.861029
QQQ,2025-05-14T00:00:00-04:00,517.01,519.21,515.8,518.68,725237,12013,517.66389
QQQ,2025-05-15T00:00:00-04:00,516.48,521.87,515.17,519.18,581835,9065,518.577044
QQQ,2025-05-16T00:00:00-04:00,520.68,521.64,517.15,521.53,459298,5966,520.136861
QQQ,2025-05-19T00:00:00-04:00,514.36,522.51,514.36,522,563955,6272,519.888019
QQQ,2025-05-20T00:00:00-04:00,519.47,520.9,516.84,520.28,594391,8284,519.22679
QQQ,2025-05-21T00:00:00-04:00,516.27,522.99,511.24,513.04,1107052,12964,517.078987
QQQ,2025-05-22T00:00:00-04:00,513.665,517.71,512.325,514.07,626152,8476,515.42779
QQQ,2025-05-23T00:00:00-04:00,506.22,511.83,505.61,509.3,931881,10290,509.05891
QQQ,2025-05-27T00:00:00-04:00,516.28,521.71,514.63,521.21,762530,8398,519.639736
QQQ,2025-05-28T00:00:00-04:00,522.21,523.64,518.41,519.15,546286,6754,521.075112
QQQ,2025-05-29T00:00:00-04:00,526.36,526.48,517.38,520.1,856110,10066,520.675788
QQQ,2025-05-30T00:00:00-04:00,519.52,520.67,512,519.21,826411,9605,517.337737
QQQ,2025-06-02T00:00:00-04:00,517.51,523.45,516.06,523.22,741789,8964,520.451015
QQQ,2025-06-03T00:00:00-04:00,523.69,528.71,522.735,527.34,734079,9333,526.639534
QQQ,2025-06-04T00:00:00-04:00,528.01,529.83,526.07,528.76,493998,5538,528.826613
QQQ,2025-06-05T00:00:00-04:00,530.19,533.02,522.75,524.835,892799,11411,528.133955
QQQ,2025-06-06T00:00:00-04:00,529.95,531.8,528.24,529.79,667942,9467,530.380329
QQQ,2025-06-09T00:00:00-04:00,530.135,532.295,529.17,530.6,412781,5206,531.273644
QQQ,2025-06-10T00:00:00-04:00,531.24,534.88,529.02,534.26,538309,6145,532.547044
QQQ,2025-06-11T00:00:00-04:00,535.64,536.75,530.14,532.52,589201,10140,533.725644
QQQ,2025-06-12T00:00:00-04:00,531.05,534.59,530.89,533.63,289612,6068,533.263559
QQQ,2025-06-13T00:00:00-04:00,527.37,531.775,525.75,526.925,681657,8357,528.59553
QQQ,2025-06-16T00:00:00-04:00,530.57,535.34,530.56,534.22,445761,6070,533.973925
QQQ,2025-06-17T00:00:00-04:00,531.69,533.28,527.96,529,467770,6725,530.667279
QQQ,2025-06-18T00:00:00-04:00,530,532.53,527.69,529.05,506210,6073,530.622481
QQQ,2025-06-20T00:00:00-04:00,532.25,533.51,524.95,526.74,406898,4764,527.733233
QQQ,2025-06-23T00:00:00-04:00,526.635,532.15,523.77,531.675,581427,7655,529.499452
QQQ,2025-06-24T00:00:00-04:00,536.745,540.67,536.44,539.79,563337,5958,539.167417
QQQ,2025-06-25T00:00:00-04:00,542.05,543.28,539.71,541.12,469320,5924,541.218081
QQQ,2025-06-26T00:00:00-04:00,543.38,546.66,541.59,546.28,373945,4683,544.795413
QQQ,2025-06-27T00:00:00-04:00,547.08,549.92,544.595,548.205,490092,4735,548.138369
QQQ,2025-06-30T00:00:00-04:00,551.22,552.78,549.01,551.6,662857,9262,550.676601
QQQ,2025-07-01T00:00:00-04:00,549.75,550.68,544.76,546.98,765748,9525,547.540269
QQQ,2025-07-02T00:00:00-04:00,546.24,550.98,546.17,550.815,520695,7187,549.625136
QQQ,2025-07-03T00:00:00-04:00,553.205,557.19,553.205,556.21,480587,5678,555.72586
QQQ,2025-07-07T00:00:00-04:00,553.56,554.33,549.66,552.23,545227,6516,552.266596
QQQ,2025-07-08T00:00:00-04:00,553.3,554,551.115,552.415,517540,6380,552.519679
QQQ,2025-07-09T00:00:00-04:00,554.49,557.59,553.11,556.23,613879,7264,555.593396
QQQ,2025-07-10T00:00:00-04:00,556.875,557.25,552.79,555.37,367037,5006,554.978433
QQQ,2025-07-11T00:00:00-04:00,553.36,555.77,552.1,554.26,476545,5348,554.680549
QQQ,2025-07-14T00:00:00-04:00,553.985,556.92,551.65,556.115,693478,10657,555.438154
QQQ,2025-07-15T00:00:00-04:00,560.245,560.735,556.68,556.72,552716,5716,558.550336
QQQ,2025-07-16T00:00:00-04:00,557.27,557.89,551.63,557.35,417280,5900,555.577341
QQQ,2025-07-17T00:00:00-04:00,557.98,562.3,557.27,561.73,691150,8641,561.065533
QQQ,2025-07-18T00:00:00-04:00,563.13,563.15,560.04,561.245,465243,5135,561.080554
QQQ,2025-07-21T00:00:00-04:00,562.13,566.06,562.08,564.23,763764,9225,565.027374
QQQ,2025-07-22T00:00:00-04:00,564.34,564.34,558.61,561.22,464283,4993,561.183426
QQQ,2025-07-23T00:00:00-04:00,562.355,563.8,559.59,563.8,419617,5739,562.001396
QQQ,2025-07-24T00:00:00-04:00,565.07,566.24,563.33,565.11,487551,5873,565.250249
QQQ,2025-07-25T00:00:00-04:00,564.99,567.67,564.37,566.45,517985,5991,566.422421
QQQ,2025-07-28T00:00:00-04:00,567.69,569.02,567,568.215,574769,6625,568.051711
QQQ,2025-07-29T00:00:00-04:00,570.76,572.09,566.56,567.3,677554,7216,568.571154
QQQ,2025-07-30T00:00:00-04:00,568.19,570.56,565.135,568.17,487817,5648,568.072446
QQQ,2025-07-31T00:00:00-04:00,574.555,574.59,563.88,565,561000,6718,568.914363
QQQ,2025-08-01T00:00:00-04:00,558.72,558.965,551.73,553.875,742899,9388,554.683644
QQQ,2025-08-04T00:00:00-04:00,559.11,564.305,559.07,564.11,755850,8125,562.740978
QQQ,2025-08-05T00:00:00-04:00,565.38,566.56,559.79,560.22,537738,6879,562.062248
QQQ,2025-08-06T00:00:00-04:00,561.13,567.75,560.64,567.31,561272,6218,565.486062
QQQ,2025-08-07T00:00:00-04:00,571.6,573.265,565.14,569.22,448803,6119,569.19926
QQQ,2025-08-08T00:00:00-04:00,570.46,574.75,570.19,574.595,539738,6642,573.576967
QQQ,2025-08-11T00:00:00-04:00,574.74,576.74,571.63,572.76,403908,4515,574.167625
QQQ,2025-08-12T00:00:00-04:00,575.15,580.34,572.495,580.03,572307,6911,578.077168
QQQ,2025-08-13T00:00:00-04:00,582.82,583.3,579,580.43,529036,5793,580.474561
QQQ,2025-08-14T00:00:00-04:00,578.32,581.87,577.92,579.87,624243,7550,580.105787
QQQ,2025-08-15T00:00:00-04:00,579.78,579.79,575.59,577.23,692045,6815,577.468281
QQQ,2025-08-18T00:00:00-04:00,576.46,577.72,575.25,577.18,515834,6027,576.584865
QQQ,2025-08-19T00:00:00-04:00,576.39,576.425,568.26,569.285,686515,7491,571.210455
QQQ,2025-08-20T00:00:00-04:00,568.31,568.32,558.9,565.84,1044393,11664,563.582157
QQQ,2025-08-21T00:00:00-04:00,564.35,566.445,561,563.39,722330,7757,563.720452
QQQ,2025-08-22T00:00:00-04:00,564.69,573.985,563.34,572.11,725590,8733,571.229417
QQQ,2025-08-25T00:00:00-04:00,570.45,573.27,569.2,570.275,495595,5415,571.5825
QQQ,2025-08-26T00:00:00-04:00,569.81,572.9,568.84,572.65,390584,4671,571.305343
QQQ,2025-08-27T00:00:00-04:00,571.65,574.39,570.38,573.55,488138,5866,572.824063
QQQ,2025-08-28T00:00:00-04:00,574.1,577.98,572.47,577.05,947355,9130,576.393008
QQQ,2025-08-29T00:00:00-04:00,574.65,574.985,568.55,570.31,2305120,41273,570.45675
QQQ,2025-09-02T00:00:00-04:00,561.36,565.93,559.54,565.69,706940,7867,563.2142
QQQ,2025-09-03T00:00:00-04:00,569.25,571.69,566.78,569.99,600317,6233,569.115732
QQQ,2025-09-04T00:00:00-04:00,570.77,575.58,569.08,575.26,687486,7319,573.023995
QQQ,2025-09-05T00:00:00-04:00,580.53,580.885,571.73,576.085,642376,6620,575.950356
QQQ,2025-09-08T00:00:00-04:00,578.47,580.83,577.79,578.805,725705,8048,579.352823
QQQ,2025-09-09T00:00:00-04:00,579.66,580.93,577.07,580.48,738322,7878,579.469104
QQQ,2025-09-10T00:00:00-04:00,583.74,583.74,578.57,580.75,850001,9189,581.624482
QQQ,2025-09-11T00:00:00-04:00,583.3,584.87,581.64,584.075,813320,8783,584.030831
QQQ,2025-09-12T00:00:00-04:00,585.06,587.85,584.12,586.66,958100,9357,586.472677
QQQ,2025-09-15T00:00:00-04:00,588.455,591.77,588.31,591.645,579098,7695,590.609555
QQQ,2025-09-16T00:00:00-04:00,592.61,592.82,590.5,591.15,602775,7633,591.438049
QQQ,2025-09-17T00:00:00-04:00,591.12,591.72,584.41,590.06,918493,11018,588.876644
QQQ,2025-09-18T00:00:00-04:00,594.92,598.1,593.03,595.37,845452,10037,596.262885
QQQ,2025-09-19T00:00:00-04:00,597.345,600.05,595.95,599.45,772642,8483,598.249923
QQQ,2025-09-22T00:00:00-04:00,597.775,602.86,597.765,602.24,930554,9610,601.004567
QQQ,2025-09-23T00:00:00-04:00,602.215,602.48,597.01,598.16,872840,8397,599.700985
QQQ,2025-09-24T00:00:00-04:00,599.58,599.775,593.39,596,851858,9061,596.044838
QQQ,2025-09-25T00:00:00-04:00,592.07,595.1,588.52,593.37,1093514,11362,592.60513
QQQ,2025-09-26T00:00:00-04:00,594.33,596.26,591.09,596.015,771833,8850,594.671
QQQ,2025-09-29T00:00:00-04:00,599.14,601.96,597.45,598.83,751103,7762,599.511271
QQQ,2025-09-30T00:00:00-04:00,598.525,600.705,596.13,600.33,580248,6626,598.384912
QQQ,2025-10-01T00:00:00-04:00,597.26,603.78,596.37,603.28,611275,7367,601.649182
QQQ,2025-10-02T00:00:00-04:00,607.06,607.16,603,605.77,536921,6078,605.108448
QQQ,2025-10-03T00:00:00-04:00,606.59,607.3,601.41,603.09,659268,6723,604.447726
QQQ,2025-10-06T00:00:00-04:00,608.43,609.34,606.115,607.68,715332,8197,607.973649
QQQ,2025-10-07T00:00:00-04:00,609.05,609.665,603.03,604.47,624198,8613,605.955693
QQQ,2025-10-08T00:00:00-04:00,605.4,611.74,605.3,611.45,785895,8978,609.725653
QQQ,2025-10-09T00:00:00-04:00,611.44,611.58,607.5,610.74,552133,6153,609.660717
QQQ,2025-10-10T00:00:00-04:00,611.365,613.12,589.09,589.62,1076604,13541,598.046866
QQQ,2025-10-13T00:00:00-04:00,599.7,602.95,597.335,602.08,902825,9878,601.025573
QQQ,2025-10-14T00:00:00-04:00,595.32,602.69,590.2,598.08,879578,10288,598.25262
QQQ,2025-10-15T00:00:00-04:00,604.03,606.65,596.01,602.18,641044,7572,602.83651
QQQ,2025-10-16T00:00:00-04:00,605.09,608.285,595.535,600.06,684966,8227,601.950276
QQQ,2025-10-17T00:00:00-04:00,597.925,605.5,596.47,603.84,579733,6995,601.731764
QQQ,2025-10-20T00:00:00-04:00,607.12,612.77,607.08,611.54,629012,7896,611.514915
QQQ,2025-10-21T00:00:00-04:00,611.52,612.72,609.365,611.3,493692,5900,611.398094
QQQ,2025-10-22T00:00:00-04:00,610.79,611.38,599.9,605.45,671760,7886,605.486827
QQQ,2025-10-23T00:00:00-04:00,604.92,611.31,604.61,610.46,454081,5254,609.532858
QQQ,2025-10-24T00:00:00-04:00,615.89,618.405,615.22,616.97,706064,8136,617.437582
QQQ,2025-10-27T00:00:00-04:00,624.5,628.51,624.055,628.08,774315,9062,626.846319
QQQ,2025-10-28T00:00:00-04:00,630.305,634.645,629.26,632.91,910075,8548,632.017324
QQQ,2025-10-29T00:00:00-04:00,635.64,636.96,630.35,635.87,1128023,12167,634.870072
QQQ,2025-10-30T00:00:00-04:00,631.97,633.39,625.99,625.99,609145,7188,629.151227
QQQ,2025-10-31T00:00:00-04:00,634.2,634.2,626.7,629.26,974206,11149,630.651204
QQQ,2025-11-03T00:00:00-05:00,635.23,635.78,629.895,632.14,471351,9670,632.171897
QQQ,2025-11-04T00:00:00-05:00,623.23,626.94,618.46,619.16,758556,11990,621.866612
QQQ,2025-11-05T00:00:00-05:00,618.425,626.59,617.27,623.38,784391,12204,623.603355
QQQ,2025-11-06T00:00:00-05:00,621.8,621.92,610.41,611.69,811909,15125,614.201562
QQQ,2025-11-07T00:00:00-05:00,608.325,609.9,598.68,609.75,1138541,20697,604.504385
QQQ,2025-11-10T00:00:00-05:00,618.925,624.27,616.91,623.27,826594,12229,621.329327
QQQ,2025-11-11T00:00:00-05:00,620.57,622.72,617.67,621.57,535080,9322,620.766937
QQQ,2025-11-12T00:00:00-05:00,624.84,624.84,617.835,621.05,612254,8756,620.358243
QQQ,2025-11-13T00:00:00-05:00,617.52,618.115,606.08,608.39,709281,12811,610.159363
QQQ,2025-11-14T00:00:00-05:00,599.54,613.35,597.23,608.77,844049,14647,608.239546
QQQ,2025-11-17T00:00:00-05:00,606.26,612.48,599.91,603.58,615872,10284,605.310967
QQQ,2025-11-18T00:00:00-05:00,599.36,602.01,591.38,596.27,1085582,15830,597.621706
QQQ,2025-11-19T00:00:00-05:00,597.02,606.065,594.6,599.79,725047,11261,600.134955
QQQ,2025-11-20T00:00:00-05:00,611.65,614.005,584.85,585.82,1122864,17405,596.498438
QQQ,2025-11-21T00:00:00-05:00,587.33,596.92,580.82,590.25,1070210,14478,589.364488
QQQ,2025-11-24T00:00:00-05:00,595.28,606.66,595.23,605.34,967248,15257,603.534803
QQQ,2025-11-25T00:00:00-05:00,603.5,610.255,597.43,608.915,765849,13256,605.583031
QQQ,2025-11-26T00:00:00-05:00,612.53,616.18,610.47,614.27,596275,8962,614.132467
QQQ,2025-11-28T00:00:00-05:00,616.14,619.21,615.45,619.1,395725,5953,617.250329
QQQ,2025-12-01T00:00:00-05:00,613.7,619.42,612.57,617.25,485823,7270,616.569305
QQQ,2025-12-02T00:00:00-05:00,619.35,623.75,617.625,621.99,516168,8870,621.615873
QQQ,2025-12-03T00:00:00-05:00,619.75,624.205,618.09,623.53,454611,6882,621.959006
QQQ,2025-12-04T00:00:00-05:00,624.94,624.94,619.66,622.91,433801,6727,622.016655
QQQ,2025-12-05T00:00:00-05:00,624.42,628.89,623.735,625.52,681504,10587,625.84011
QQQ,2025-12-08T00:00:00-05:00,627.11,628.8,621.73,624.23,573090,8494,624.031027
QQQ,2025-12-09T00:00:00-05:00,623.005,625.86,621.66,625.105,485231,8073,624.608245
QQQ,2025-12-10T00:00:00-05:00,623.625,629.17,621.05,627.69,608334,9514,625.143412
QQQ,2025-12-11T00:00:00-05:00,623.775,625.765,617.91,625.61,732230,10998,622.666257
QQQ,2025-12-12T00:00:00-05:00,621.92,623.52,611.38,613.71,1019139,15010,615.364372
QQQ,2025-12-15T00:00:00-05:00,618.25,618.32,609.37,610.66,364335,5783,612.481384
QQQ,2025-12-16T00:00:00-05:00,608.19,613.5,606.95,611.855,784659,12058,610.435439
QQQ,2025-12-17T00:00:00-05:00,613.05,613.63,600.29,600.38,973792,14141,604.015268
QQQ,2025-12-18T00:00:00-05:00,609.75,612.91,606.94,609.15,786202,13794,610.225374
QQQ,2025-12-19T00:00:00-05:00,611.93,617.56,611.87,617.13,639189,9273,616.303514
QQQ,2025-12-22T00:00:00-05:00,621.375,621.62,617.79,619.11,643439,10185,619.355647
QQQ,2025-12-23T00:00:00-05:00,618.16,622.41,617.815,622.13,748619,11478,620.850197
QQQ,2025-12-24T00:00:00-05:00,621.99,624.28,621.795,623.96,211916,3826,623.209326
QQQ,2025-12-26T00:00:00-05:00,624.66,625.44,623.16,623.87,547710,7445,624.105265
QQQ,2025-12-29T00:00:00-05:00,620.13,622.69,618.77,620.885,475290,8775,620.447871
QQQ,2025-12-30T00:00:00-05:00,619.8,622.17,619.225,619.42,492557,8127,620.426725
QQQ,2025-12-31T00:00:00-05:00,619.59,619.86,614.05,614.25,532939,8587,616.502903
QQQ,2026-01-02T00:00:00-05:00,620,622.805,610.16,613.08,794922,11405,614.735373
QQQ,2026-01-05T00:00:00-05:00,619.32,620.76,616.84,617.97,694800,9734,618.642452
QQQ,2026-01-06T00:00:00-05:00,619.18,624.02,618.61,623.46,875526,10315,622.210815
QQQ,2026-01-07T00:00:00-05:00,623.035,627.9,622.58,624.11,918578,12745,625.49195
QQQ,2026-01-08T00:00:00-05:00,623.1,623.405,617.82,620.435,813710,10984,619.927353
QQQ,2026-01-09T00:00:00-05:00,621.35,627.88,619.13,626.655,778213,10807,625.280468
QQQ,2026-01-12T00:00:00-05:00,622.33,628.825,622.31,627.19,602806,9420,626.857362
QQQ,2026-01-13T00:00:00-05:00,627.185,629.465,623.7,626.105,610679,8933,626.17984
QQQ,2026-01-14T00:00:00-05:00,622.07,623.43,614.64,619.55,847896,12861,617.828615
QQQ,2026-01-15T00:00:00-05:00,626.59,627.25,620.92,621.66,727130,9648,624.141614
QQQ,2026-01-16T00:00:00-05:00,625.51,626,618.92,621.03,792096,11081,621.796646
QQQ,2026-01-20T00:00:00-05:00,610.59,615.055,607.05,607.93,931342,11268,610.770142
QQQ,2026-01-21T00:00:00-05:00,609.32,620.38,607.94,616.18,933395,12781,613.776084
QQQ,2026-01-22T00:00:00-05:00,622.41,622.41,617.81,620.81,594512,8520,620.400436
QQQ,2026-01-23T00:00:00-05:00,619.57,625.37,618.71,622.78,533885,6554,622.509269
QQQ,2026-01-26T00:00:00-05:00,623.19,627.58,622.21,625.44,517879,7579,626.152169
QQQ,2026-01-27T00:00:00-05:00,629.01,632.04,627.37,631.055,613751,8535,631.022183
QQQ,2026-01-28T00:00:00-05:00,635.19,636.56,631.855,632.99,605455,9409,633.766141
QQQ,2026-01-29T00:00:00-05:00,632.65,633.54,618.38,629.36,913709,12473,624.177366
QQQ,2026-01-30T00:00:00-05:00,625.575,628.15,619.37,621.71,767386,10687,623.094337
QQQ,2026-02-02T00:00:00-05:00,618.69,628.49,618.69,626.25,880689,13094,626.241817
QQQ,2026-02-03T00:00:00-05:00,628.24,628.49,610.98,616.46,1056476,14158,616.700673
QQQ,2026-02-04T00:00:00-05:00,614.82,615.06,600.5,605.64,1212706,15133,606.697459
QQQ,2026-02-05T00:00:00-05:00,599.87,604.73,594.79,597.06,979560,13222,598.949077
QQQ,2026-02-06T00:00:00-05:00,600.11,611.38,598.88,609.59,830073,10946,606.92254
QQQ,2026-02-09T00:00:00-05:00,607.44,616.44,605.16,614.33,770388,11437,613.729494
QQQ,2026-02-10T00:00:00-05:00,615.24,617.02,611.015,611.48,839287,10682,613.991321
QQQ,2026-02-11T00:00:00-05:00,616.415,617.5,607.72,612.9,703161,8833,612.726017
QQQ,2026-02-12T00:00:00-05:00,614.67,615.78,599.58,600.56,833212,10767,604.583293
QQQ,2026-02-13T00:00:00-05:00,600.38,606.42,596.57,601.86,893185,11105,602.769307
QQQ,2026-02-17T00:00:00-05:00,598.375,603.93,593.44,601.23,644540,8147,599.666373
QQQ,2026-02-18T00:00:00-05:00,602.045,609.77,600.82,605.67,915622,13437,606.667777
QQQ,2026-02-19T00:00:00-05:00,602.73,605.81,600.78,603.4,676494,9240,603.102779
QQQ,2026-02-20T00:00:00-05:00,600.01,610.31,599.39,608.87,806826,11409,607.245978
QQQ,2026-02-23T00:00:00-05:00,606.58,607.94,599.08,601.44,794996,11462,601.65246
QQQ,2026-02-24T00:00:00-05:00,602.29,608.99,599.81,607.905,825308,14122,606.740556
QQQ,2026-02-25T00:00:00-05:00,611.06,616.81,611.03,616.58,863479,12022,615.439647
QQQ,2026-02-26T00:00:00-05:00,615.54,615.54,604,609.25,1318477,18615,608.528526
QQQ,2026-02-27T00:00:00-05:00,602.98,608.205,602.2,607.335,951460,14445,606.102869
QQQ,2026-03-02T00:00:00-05:00,598.9,609.9,598.03,608.03,1145172,16277,607.162719
QQQ,2026-03-03T00:00:00-05:00,596.325,603.93,591.94,601.66,1530307,20302,599.408003
QQQ,2026-03-04T00:00:00-05:00,604.08,612.84,603.52,610.58,824664,12789,610.044446
QQQ,2026-03-05T00:00:00-05:00,607.495,612.73,602.28,608.92,1693084,22009,606.870011
QQQ,2026-03-06T00:00:00-05:00,600.315,605.95,598.4,599.835,1033513,14271,601.939147
QQQ,2026-03-09T00:00:00-04:00,594.155,609.23,591.355,607.76,1033896,15792,600.879909
QQQ,2026-03-10T00:00:00-04:00,607.845,613.25,605.5,607.61,1104371,16133,609.754539
QQQ,2026-03-11T00:00:00-04:00,609.08,612.4,605.14,607.72,704608,10503,607.689474
QQQ,2026-03-12T00:00:00-04:00,602.75,604.1,597.065,597.31,1017676,14872,599.545754
QQQ,2026-03-13T00:00:00-04:00,599.58,603.585,592.6,593.61,1352557,18860,595.775444
QQQ,2026-03-16T00:00:00-04:00,600.05,603.86,599.11,600.48,983351,15147,600.948972
QQQ,2026-03-17T00:00:00-04:00,603.18,605.88,601.92,603.51,955984,16367,603.752931
QQQ,2026-03-18T00:00:00-04:00,601.28,603.09,594.56,594.82,1033901,14588,598.566226
QQQ,2026-03-19T00:00:00-04:00,589.485,595.75,587.12,593,1395856,21015,591.290732
QQQ,2026-03-20T00:00:00-04:00,591.07,591.14,578.6,582.085,1903817,23646,583.644729
QQQ,2026-03-23T00:00:00-04:00,590.395,595.05,585.97,588.21,1332715,18527,590.437805
QQQ,2026-03-24T00:00:00-04:00,584.74,587.91,581.99,583.92,1088259,13337,584.957415
QQQ,2026-03-25T00:00:00-04:00,589.12,591.33,585.78,587.77,1246725,17565,588.407658
QQQ,2026-03-26T00:00:00-04:00,582.605,584.56,573.45,573.68,2306886,24349,578.079459
QQQ,2026-03-27T00:00:00-04:00,570.805,570.92,561.58,562.5,1797116,20960,565.460235
QQQ,2026-03-30T00:00:00-04:00,567.345,567.99,555.6,558.28,1115791,15791,560.816793
QQQ,2026-03-31T00:00:00-04:00,564.28,578.55,564.24,577.11,1522663,18378,572.174022
