symbol,timestamp_est,open,high,low,close,volume,trade_count,vwap
SPY,2020-07-27T00:00:00-04:00,321.625,323.39,320.82,323.26,647693,4768,322.48475
SPY,2020-07-28T00:00:00-04:00,322.57,323.635,320.85,321.24,521475,4238,322.427003
SPY,2020-07-29T00:00:00-04:00,322.12,325.705,322.12,325.16,600377,4808,324.227394
SPY,2020-07-30T00:00:00-04:00,321.71,324.385,319.64,323.96,612074,4800,322.353494
SPY,2020-07-31T00:00:00-04:00,325.9,326.6,321.34,326.54,1135945,7509,324.032081
SPY,2020-08-03T00:00:00-04:00,328.35,329.615,327.745,328.76,576077,5097,328.910612
SPY,2020-08-04T00:00:00-04:00,328.15,330,327.96,330,658108,6232,329.0526
SPY,2020-08-05T00:00:00-04:00,331.43,332.38,331.19,332.08,505770,4547,331.891162
SPY,2020-08-06T00:00:00-04:00,331.46,334.46,331.17,334.28,637928,5025,333.014743
SPY,2020-08-07T00:00:00-04:00,333.26,334.69,332.31,334.6,646217,4966,333.728027
SPY,2020-08-10T00:00:00-04:00,335.055,335.765,332.99,335.52,503468,5033,335.007662
SPY,2020-08-11T00:00:00-04:00,336.95,337.53,332.05,332.92,765407,5384,335.14944
SPY,2020-08-12T00:00:00-04:00,335.45,338.26,335.45,337.42,751172,4353,337.300224
SPY,2020-08-13T00:00:00-04:00,336.66,338.2,335.91,336.88,495840,3942,337.297391
SPY,2020-08-14T00:00:00-04:00,336.46,337.39,335.74,336.86,397381,3976,336.589212
SPY,2020-08-17T00:00:00-04:00,337.945,338.335,337.515,337.86,379669,3296,337.923049
SPY,2020-08-18T00:00:00-04:00,338.35,339.08,336.67,338.63,624322,4163,338.442495
SPY,2020-08-19T00:00:00-04:00,339.045,339.61,336.66,337.28,957875,4940,338.475064
SPY,2020-08-20T00:00:00-04:00,335.39,338.78,335.22,338.22,557824,5170,337.555004
SPY,2020-08-21T00:00:00-04:00,337.92,339.72,337.57,339.44,560454,4667,338.965359
SPY,2020-08-24T00:00:00-04:00,342.13,342.97,341.1,342.97,551451,4700,341.942787
SPY,2020-08-25T00:00:00-04:00,343.545,344.18,342.305,344.12,597403,4387,343.235499
SPY,2020-08-26T00:00:00-04:00,344.74,347.84,344.17,347.61,538806,4006,346.38649
SPY,2020-08-27T00:00:00-04:00,348.535,349.86,346.57,348.32,828795,5258,348.617593
SPY,2020-08-28T00:00:00-04:00,349.44,350.71,348.235,350.54,538160,4638,349.461013
SPY,2020-08-31T00:00:00-04:00,350.35,351.28,349.125,349.34,745582,5266,350.346388
SPY,2020-09-01T00:00:00-04:00,350.205,352.66,349.27,352.59,839295,7430,351.138059
SPY,2020-09-02T00:00:00-04:00,354.67,358.69,353.46,357.71,896884,6081,355.886068
SPY,2020-09-03T00:00:00-04:00,355.89,356.37,342.61,345.42,2064568,12415,347.366129
SPY,2020-09-04T00:00:00-04:00,345.8,347.76,334.9,342.61,1242878,8029,340.720139
SPY,2020-09-08T00:00:00-04:00,336.67,338,332.89,333.26,969669,6860,335.367561
SPY,2020-09-09T00:00:00-04:00,337.61,342.44,336.67,339.9,716556,5124,340.113816
SPY,2020-09-10T00:00:00-04:00,341.83,342.48,332.89,334,869568,6086,337.136589
SPY,2020-09-11T00:00:00-04:00,335.8,336.88,331.01,334.02,874751,6291,334.067433
SPY,2020-09-14T00:00:00-04:00,337.56,340.3,336.99,338.42,536100,5290,339.073123
SPY,2020-09-15T00:00:00-04:00,341.28,341.99,339.02,340.15,483504,4334,340.900312
SPY,2020-09-16T00:00:00-04:00,341.6,343.05,338.58,338.81,782760,5017,340.666201
SPY,2020-09-17T00:00:00-04:00,333.57,337.655,333,335.87,937446,6499,334.982683
SPY,2020-09-18T00:00:00-04:00,335.38,335.49,327.975,330.55,1218861,6429,331.270791
SPY,2020-09-21T00:00:00-04:00,325.68,327.09,321.75,327,1175907,8349,324.25228
SPY,2020-09-22T00:00:00-04:00,328.55,330.9,325.96,330.27,548236,4232,328.871055
SPY,2020-09-23T00:00:00-04:00,330.905,331.17,322.12,322.67,773794,5465,325.865344
SPY,2020-09-24T00:00:00-04:00,321.21,326.77,319.82,323.53,999033,7314,323.453049
SPY,2020-09-25T00:00:00-04:00,322.69,329.55,321.69,328.73,744169,5828,326.244766
SPY,2020-09-28T00:00:00-04:00,333.23,334.94,332.16,334.16,677013,5282,333.776364
SPY,2020-09-29T00:00:00-04:00,333.97,334.735,331.695,332.45,558608,4691,333.054236
SPY,2020-09-30T00:00:00-04:00,333.235,338.26,332.95,334.9,1383055,8172,335.844302
SPY,2020-10-01T00:00:00-04:00,337.655,338.74,335.04,337.08,733040,5596,336.670874
SPY,2020-10-02T00:00:00-04:00,331.58,335.885,331.21,333.82,956452,5661,334.361617
SPY,2020-10-05T00:00:00-04:00,336.07,339.95,336.07,339.72,423785,3856,338.409996
SPY,2020-10-06T00:00:00-04:00,339.91,342.155,334.42,334.92,866491,6489,337.767753
SPY,2020-10-07T00:00:00-04:00,338.12,341.63,338.1,340.72,400362,3893,340.147358
SPY,2020-10-08T00:00:00-04:00,342.89,343.83,341.86,343.74,378697,3546,343.152568
SPY,2020-10-09T00:00:00-04:00,345.545,347.345,344.905,346.84,444378,3472,346.241027
SPY,2020-10-12T00:00:00-04:00,349.6,354.01,349.18,352.37,494638,4139,352.081648
SPY,2020-10-13T00:00:00-04:00,352.35,352.35,349.1,350.18,554532,4484,350.978012
SPY,2020-10-14T00:00:00-04:00,350.74,351.91,347.14,347.88,386331,3419,349.25826
SPY,2020-10-15T00:00:00-04:00,343.71,347.98,343.15,347.46,467653,4139,345.890997
SPY,2020-10-16T00:00:00-04:00,349.03,350.675,347.19,347.32,650101,6304,348.959011
SPY,2020-10-19T00:00:00-04:00,348.79,349.29,341.105,341.96,679620,6538,344.550064
SPY,2020-10-20T00:00:00-04:00,343.42,346.87,342.72,343.38,615695,5121,344.38102
SPY,2020-10-21T00:00:00-04:00,343.33,345.61,342.41,342.72,639536,4956,343.909406
SPY,2020-10-22T00:00:00-04:00,342.97,345.2,340.67,344.635,520791,4155,343.369692
SPY,2020-10-23T00:00:00-04:00,345.91,345.97,343.21,345.65,436313,3889,344.817576
SPY,2020-10-26T00:00:00-04:00,342.12,342.98,335.66,339.45,1011587,7229,339.121113
SPY,2020-10-27T00:00:00-04:00,339.755,340.07,338.03,338.26,614706,5279,338.965638
SPY,2020-10-28T00:00:00-04:00,332.1,332.835,326.14,326.7,1448249,9835,328.864418
SPY,2020-10-29T00:00:00-04:00,326.91,333.35,325.11,329.95,1101572,6408,329.763714
SPY,2020-10-30T00:00:00-04:00,328.25,329.64,322.635,326.78,1296720,6982,324.864321
SPY,2020-11-02T00:00:00-05:00,330.2,332.3,327.25,330.22,799081,6699,329.687431
SPY,2020-11-03T00:00:00-05:00,333.695,338.24,333.25,335.97,916626,6531,336.427812
SPY,2020-11-04T00:00:00-05:00,340.86,347.905,339.62,343.46,1941569,10030,344.344313
SPY,2020-11-05T00:00:00-05:00,349.275,352.17,348.9,350.33,1143648,6406,350.540909
SPY,2020-11-06T00:00:00-05:00,349.92,351.45,347.74,350.16,603084,5429,350.030748
SPY,2020-11-09T00:00:00-05:00,363.97,364.315,354.08,354.55,940070,7955,359.921758
SPY,2020-11-10T00:00:00-05:00,353.52,355.08,350.595,354.1,698359,6721,353.534009
SPY,2020-11-11T00:00:00-05:00,356.39,357.53,355.09,356.69,567428,4704,356.282076
SPY,2020-11-12T00:00:00-05:00,355.57,356.345,351.29,353.22,794840,5940,353.323108
SPY,2020-11-13T00:00:00-05:00,355.27,358.88,354.745,357.94,744824,5514,356.894232
SPY,2020-11-16T00:00:00-05:00,361.1,362.46,359.63,362.43,783943,6740,361.209433
SPY,2020-11-17T00:00:00-05:00,359.985,361.875,358.375,360.67,827448,5133,360.234714
SPY,2020-11-18T00:00:00-05:00,360.98,361.5,356.25,356.25,1026905,6622,359.450572
SPY,2020-11-19T00:00:00-05:00,355.51,358.16,354.33,357.85,965976,5359,356.403432
SPY,2020-11-20T00:00:00-05:00,357.48,357.68,355.28,355.38,844641,5601,356.710302
SPY,2020-11-23T00:00:00-05:00,357.27,358.69,354.9,357.51,732916,4879,356.881643
SPY,2020-11-24T00:00:00-05:00,360.26,363.76,359.31,363.2,1316995,7763,362.169743
SPY,2020-11-25T00:00:00-05:00,363.13,363.16,361.51,362.63,637659,5258,362.398027
SPY,2020-11-27T00:00:00-05:00,363.96,364.165,362.59,363.7,309433,2871,363.616538
SPY,2020-11-30T00:00:00-05:00,362.8,362.965,359.2,362.32,1019085,5603,361.216138
SPY,2020-12-01T00:00:00-05:00,365.56,367.645,364.98,365.96,846449,6447,366.513813
SPY,2020-12-02T00:00:00-05:00,364.82,366.92,364.23,366.7,435413,4291,365.95981
SPY,2020-12-03T00:00:00-05:00,366.69,368.165,365.51,366.7,588550,5101,366.93114
SPY,2020-12-04T00:00:00-05:00,367.31,369.82,367.22,369.82,535394,3890,368.842084
SPY,2020-12-07T00:00:00-05:00,369.035,369.61,367.73,369.04,713275,5190,368.781437
SPY,2020-12-08T00:00:00-05:00,367.69,370.76,367.68,370.12,701698,5511,369.431329
SPY,2020-12-09T00:00:00-05:00,370.89,371.02,365.96,367,1124314,9572,368.114748
SPY,2020-12-10T00:00:00-05:00,365.375,367.8,364.45,366.67,943872,5492,366.77265
SPY,2020-12-11T00:00:00-05:00,364.96,366.58,363.29,366.23,633441,5364,365.093898
SPY,2020-12-14T00:00:00-05:00,368.61,369.76,364.52,364.68,840050,5749,366.932511
SPY,2020-12-15T00:00:00-05:00,367.44,369.57,365.92,369.57,853271,5527,368.096333
SPY,2020-12-16T00:00:00-05:00,369.84,371.14,368.92,370.1,586993,4650,370.114642
SPY,2020-12-17T00:00:00-05:00,371.95,372.43,371.055,372.18,812657,7213,371.833988
SPY,2020-12-18T00:00:00-05:00,370.99,371.145,367.055,369.11,1382373,10863,368.875129
SPY,2020-12-21T00:00:00-05:00,364.97,368.73,362.1,367.86,779901,6005,366.164144
SPY,2020-12-22T00:00:00-05:00,368.2,368.325,366.115,367.1,969603,5531,367.163551
SPY,2020-12-23T00:00:00-05:00,368.27,369.6,367.41,367.58,500024,4328,368.814262
SPY,2020-12-24T00:00:00-05:00,368.09,368.99,367.47,368.98,170257,1570,368.412211
SPY,2020-12-28T00:00:00-05:00,371.77,372.575,371.11,372.13,298759,3899,371.993758
SPY,2020-12-29T00:00:00-05:00,373.77,373.99,370.87,371.46,720211,5000,371.93142
SPY,2020-12-30T00:00:00-05:00,372.34,373.08,371.6,371.99,410703,3045,372.320038
SPY,2020-12-31T00:00:00-05:00,371.8,374.64,371.25,373.85,1056576,8638,373.304402
SPY,2021-01-04T00:00:00-05:00,375.3,375.43,364.87,368.86,1303127,9398,368.598424
SPY,2021-01-05T00:00:00-05:00,368.27,372.435,368.25,371.36,662135,6890,370.459697
SPY,2021-01-06T00:00:00-05:00,369.52,376.96,369.19,373.64,1592371,9120,374.370376
SPY,2021-01-07T00:00:00-05:00,376.13,379.87,375.92,378.96,911285,6520,378.444949
SPY,2021-01-08T00:00:00-05:00,380.58,381.45,377.11,381.24,591705,5229,379.93323
SPY,2021-01-11T00:00:00-05:00,377.87,380.54,377.73,378.83,577420,6333,379.035423
SPY,2021-01-12T00:00:00-05:00,378.9,379.84,376.4,378.74,577676,5382,378.702141
SPY,2021-01-13T00:00:00-05:00,378.7,380.855,377.87,379.79,526284,5325,379.733163
SPY,2021-01-14T00:00:00-05:00,380.68,381.12,378.105,378.52,483295,4272,379.685156
SPY,2021-01-15T00:00:00-05:00,376.72,377.57,373.785,375.66,872509,6029,375.958147
SPY,2021-01-19T00:00:00-05:00,378.35,379.225,376.845,378.6,569045,5797,378.378852
SPY,2021-01-20T00:00:00-05:00,381.105,384.79,380.74,383.84,609604,6369,383.232678
SPY,2021-01-21T00:00:00-05:00,384.48,384.94,383.25,384.17,411993,4009,384.296147
SPY,2021-01-22T00:00:00-05:00,382.25,384.06,381.89,382.81,642368,6401,383.167958
SPY,2021-01-25T00:00:00-05:00,383.67,384.76,378.46,384.41,744617,5506,382.37124
SPY,2021-01-26T00:00:00-05:00,385.405,385.81,383.56,383.73,602355,5238,384.427448
SPY,2021-01-27T00:00:00-05:00,380.23,380.25,372.04,374.4,2605623,14576,375.974241
SPY,2021-01-28T00:00:00-05:00,376.35,381.91,376.12,377.49,1816987,9134,379.536009
SPY,2021-01-29T00:00:00-05:00,375.6,376.59,368.38,370.01,2590391,12908,371.893243
SPY,2021-02-01T00:00:00-05:00,373.81,377.34,371.48,376.19,988296,8228,375.36953
SPY,2021-02-02T00:00:00-05:00,379.64,383.165,379.625,381.39,1071995,7187,382.131387
SPY,2021-02-03T00:00:00-05:00,382.49,383.68,380.5,381.86,848653,6542,382.500516
SPY,2021-02-04T00:00:00-05:00,383.02,386.21,382.785,386.16,820106,7601,384.798299
SPY,2021-02-05T00:00:00-05:00,388.2,388.46,386.485,387.65,728912,7983,387.600523
SPY,2021-02-08T00:00:00-05:00,389.37,390.54,388.36,390.49,696140,7012,389.417992
SPY,2021-02-09T00:00:00-05:00,389.63,390.89,389.22,390.26,734096,9635,390.316152
SPY,2021-02-10T00:00:00-05:00,392.11,392.24,387.51,390.09,889354,8830,389.928755
SPY,2021-02-11T00:00:00-05:00,391.32,391.69,388.12,390.7,639771,5834,390.193411
SPY,2021-02-12T00:00:00-05:00,389.845,392.885,389.8,392.6,704724,6643,391.511845
SPY,2021-02-16T00:00:00-05:00,393.95,394.15,391.58,392.29,724095,7211,392.905427
SPY,2021-02-17T00:00:00-05:00,390.41,392.63,389.38,392.4,586564,5942,391.068497
SPY,2021-02-18T00:00:00-05:00,389.56,391.49,387.75,390.75,811480,7043,389.975394
SPY,2021-02-19T00:00:00-05:00,392.15,392.36,389.57,390.05,1035965,8099,390.843255
SPY,2021-02-22T00:00:00-05:00,387.07,389.6,386.795,387.14,979219,7131,387.866988
SPY,2021-02-23T00:00:00-05:00,384.66,388.92,380.24,387.36,1834098,11825,385.142361
SPY,2021-02-24T00:00:00-05:00,386.3,392.21,385.285,391.76,1338847,10247,390.047602
SPY,2021-02-25T00:00:00-05:00,390.46,391.84,380.79,382.32,2548620,13078,384.949976
SPY,2021-02-26T00:00:00-05:00,384.36,385.54,378.26,380.31,1722012,11188,382.553993
SPY,2021-03-01T00:00:00-05:00,385.66,390.9,385.63,389.5,1443159,10518,388.790672
SPY,2021-03-02T00:00:00-05:00,389.815,390.01,386,386.5,954034,6976,388.236727
SPY,2021-03-03T00:00:00-05:00,385.77,386.83,381.315,381.43,1492972,10300,384.011774
SPY,2021-03-04T00:00:00-05:00,381.21,383.97,371.9,376.74,2838147,14604,377.847713
SPY,2021-03-05T00:00:00-05:00,380.46,384.745,372.65,383.61,1970423,11103,378.955355
SPY,2021-03-08T00:00:00-05:00,384.71,387.68,381.44,381.59,954155,7672,384.70961
SPY,2021-03-09T00:00:00-05:00,385.84,389.895,385.36,386.97,1247029,10871,388.396297
SPY,2021-03-10T00:00:00-05:00,389.72,391.33,388.2,389.51,967881,8533,389.984871
SPY,2021-03-11T00:00:00-05:00,392.31,395.62,391.75,393.55,911711,10260,393.951898
SPY,2021-03-12T00:00:00-05:00,392.07,394.2,391.21,394,864792,7742,392.729607
SPY,2021-03-15T00:00:00-04:00,394.34,396.68,392.045,396.485,825333,8737,394.268113
SPY,2021-03-16T00:00:00-04:00,397.15,397.83,395.085,395.98,876269,6533,396.657512
SPY,2021-03-17T00:00:00-04:00,394.53,398.11,393.38,397.28,919078,6349,395.765479
SPY,2021-03-18T00:00:00-04:00,394.47,396.69,390.92,391.49,1025836,7832,393.698038
SPY,2021-03-19T00:00:00-04:00,389.89,391.55,387.155,389.48,1015729,6228,390.094623
SPY,2021-03-22T00:00:00-04:00,390.13,394.06,390.075,392.58,596841,5301,392.509833
SPY,2021-03-23T00:00:00-04:00,391.905,393.415,388.675,389.6,929124,7674,391.137546
SPY,2021-03-24T00:00:00-04:00,391,392.74,387.5,387.5,941797,8557,390.403329
SPY,2021-03-25T00:00:00-04:00,385.91,390.525,383.94,389.62,1147872,7623,387.399348
SPY,2021-03-26T00:00:00-04:00,390.94,396.36,390.31,395.88,994962,7955,392.57023
SPY,2021-03-29T00:00:00-04:00,394.44,396.74,392.83,395.75,947371,6692,395.111693
SPY,2021-03-30T00:00:00-04:00,394.42,395.44,393.07,394.87,865981,7941,394.254714
SPY,2021-03-31T00:00:00-04:00,395.35,397.995,395.33,396.11,1290126,10782,396.998044
SPY,2021-04-01T00:00:00-04:00,398.37,400.665,398.23,400.54,1012758,9057,399.347833
SPY,2021-04-05T00:00:00-04:00,403.55,406.935,403.42,406.31,859965,9520,405.788408
SPY,2021-04-06T00:00:00-04:00,405.76,407.215,405.41,406.08,679087,6666,406.409386
SPY,2021-04-07T00:00:00-04:00,405.94,406.95,405.51,406.6,603106,5572,406.346834
SPY,2021-04-08T00:00:00-04:00,407.92,408.57,406.94,408.54,802416,7033,408.02479
SPY,2021-04-09T00:00:00-04:00,408.39,411.66,408.29,411.44,980710,9123,409.793572
SPY,2021-04-12T00:00:00-04:00,410.88,411.92,410.24,411.57,811368,7144,411.125529
SPY,2021-04-13T00:00:00-04:00,411.52,413.525,411.145,412.73,511643,4939,412.200916
SPY,2021-04-14T00:00:00-04:00,412.83,413.94,410.875,411.24,749857,6313,412.408549
SPY,2021-04-15T00:00:00-04:00,413.73,416.16,413.7,415.7,813779,7051,415.053623
SPY,2021-04-16T00:00:00-04:00,417.23,417.905,415.74,417.3,810912,6484,416.976317
SPY,2021-04-19T00:00:00-04:00,416.24,416.725,413.84,415.32,709059,6656,414.953205
SPY,2021-04-20T00:00:00-04:00,413.91,414.665,410.62,412.19,908224,6980,412.303845
SPY,2021-04-21T00:00:00-04:00,411.5,416.25,411.37,416.07,734383,7497,414.695619
SPY,2021-04-22T00:00:00-04:00,415.88,416.76,411.15,412.34,1072524,8795,413.765556
SPY,2021-04-23T00:00:00-04:00,412.85,418.23,412.805,416.73,1237723,8439,416.685596
SPY,2021-04-26T00:00:00-04:00,417.42,418.22,416.99,417.5,814495,6720,417.774936
SPY,2021-04-27T00:00:00-04:00,417.91,418.135,416.41,417.36,580474,5984,417.351241
SPY,2021-04-28T00:00:00-04:00,417.81,419,416.94,417.36,657403,5274,417.731213
SPY,2021-04-29T00:00:00-04:00,420.39,420.71,416.54,420.04,775821,5487,418.700145
SPY,2021-04-30T00:00:00-04:00,417.62,418.53,416.38,417.33,848706,8859,417.353562
SPY,2021-05-03T00:00:00-04:00,419.44,419.825,417.665,418.16,569791,5250,418.711277
SPY,2021-05-04T00:00:00-04:00,416.06,416.595,411.69,415.57,1053011,7824,413.929913
SPY,2021-05-05T00:00:00-04:00,417.32,417.62,415,415.72,588115,4896,416.427554
SPY,2021-05-06T00:00:00-04:00,415.8,419.21,413.68,418.99,875105,7130,416.783184
SPY,2021-05-07T00:00:00-04:00,419.92,422.81,419.2,422.06,807382,8042,421.924869
SPY,2021-05-10T00:00:00-04:00,422.63,422.63,417.82,417.96,771752,7139,420.427333
SPY,2021-05-11T00:00:00-04:00,413.1,415.25,410.1,414.22,1328251,10548,413.469334
SPY,2021-05-12T00:00:00-04:00,410.99,412.57,404.815,405.48,1339452,9646,407.700083
SPY,2021-05-13T00:00:00-04:00,407.22,412.34,407.12,410.28,1297974,10898,410.462475
SPY,2021-05-14T00:00:00-04:00,413.22,417.49,413.2,416.39,1183764,11059,415.988627
SPY,2021-05-17T00:00:00-04:00,415.37,416.38,413.41,415.46,736029,6679,414.895918
SPY,2021-05-18T00:00:00-04:00,415.8,415.99,411.81,412.04,790041,6539,414.649842
SPY,2021-05-19T00:00:00-04:00,406.9,411.02,405.34,410.99,1161669,9347,408.25663
SPY,2021-05-20T00:00:00-04:00,411.79,416.61,411.7,415.12,915218,7625,414.951182
SPY,2021-05-21T00:00:00-04:00,416.93,418.18,414.45,414.99,873628,9620,415.859064
SPY,2021-05-24T00:00:00-04:00,417.4,420.32,417.08,419.12,1109738,8108,419.432559
SPY,2021-05-25T00:00:00-04:00,420.34,420.7,417.63,418.29,624553,6049,418.720871
SPY,2021-05-26T00:00:00-04:00,418.94,419.61,417.785,419.04,649183,6422,418.863163
SPY,2021-05-27T00:00:00-04:00,420.17,420.7,419.13,419.33,959890,8606,419.762476
SPY,2021-05-28T00:00:00-04:00,421.02,421.245,419.8,420.08,635828,7310,420.632294
SPY,2021-06-01T00:00:00-04:00,422.58,422.69,419.22,419.63,680862,6269,420.42044
SPY,2021-06-02T00:00:00-04:00,420.27,421.185,419.3,420.32,628822,6446,420.130178
SPY,2021-06-03T00:00:00-04:00,418.05,419.99,416.33,418.77,771761,6307,418.634693
SPY,2021-06-04T00:00:00-04:00,420.77,422.915,420.72,422.59,910318,10189,422.119142
SPY,2021-06-07T00:00:00-04:00,422.63,422.765,421.2,422.22,991984,9535,421.83126
SPY,2021-06-08T00:00:00-04:00,423.18,423.19,420.425,422.26,625795,5708,422.171278
SPY,2021-06-09T00:00:00-04:00,423.18,423.24,421.45,421.58,472970,4919,422.417458
SPY,2021-06-10T00:00:00-04:00,422.98,424.62,421.64,423.54,588662,5527,423.599386
SPY,2021-06-11T00:00:00-04:00,424.2,424.4,422.845,424.38,527131,5009,423.593951
SPY,2021-06-14T00:00:00-04:00,424.43,425.29,423.1,425.29,646111,6329,423.723156
SPY,2021-06-15T00:00:00-04:00,425.45,425.45,423.56,424.51,570633,6146,424.364749
SPY,2021-06-16T00:00:00-04:00,424.7,424.83,419.97,422.04,855307,7025,422.345408
SPY,2021-06-17T00:00:00-04:00,421.64,423,419.35,422.02,1092378,10067,421.926271
SPY,2021-06-18T00:00:00-04:00,417.07,417.82,414.73,414.96,1353018,11986,416.529276
SPY,2021-06-21T00:00:00-04:00,416.83,421.05,415.965,420.76,1152420,10379,419.718198
SPY,2021-06-22T00:00:00-04:00,420.86,423.97,420.17,423.02,897093,7159,422.448429
SPY,2021-06-23T00:00:00-04:00,423.19,424.03,422.55,422.64,771762,5632,423.269164
SPY,2021-06-24T00:00:00-04:00,424.87,425.55,424.63,425.05,843012,6833,425.136066
SPY,2021-06-25T00:00:00-04:00,425.9,427.08,425.59,426.61,1160440,8939,426.314154
SPY,2021-06-28T00:00:00-04:00,427.17,427.64,425.89,427.47,781623,7440,426.78568
SPY,2021-06-29T00:00:00-04:00,427.94,428.56,427.16,427.69,727546,6190,427.792406
SPY,2021-06-30T00:00:00-04:00,427.21,428.69,427.21,428.06,848270,7693,427.978234
SPY,2021-07-01T00:00:00-04:00,428.88,430.6,428.82,430.47,1015595,9231,429.904339
SPY,2021-07-02T00:00:00-04:00,431.66,434.095,431.33,433.82,860976,7747,432.822701
SPY,2021-07-06T00:00:00-04:00,433.86,434.01,430.01,432.855,820834,7621,432.044584
SPY,2021-07-07T00:00:00-04:00,433.67,434.76,431.52,434.48,881413,7371,433.797078
SPY,2021-07-08T00:00:00-04:00,428.73,431.72,427.57,430.9,1354797,8772,429.89267
SPY,2021-07-09T00:00:00-04:00,432.53,435.79,432.35,435.59,1256371,10074,434.741452
SPY,2021-07-12T00:00:00-04:00,435.42,437.26,435,437.12,1109626,9845,436.667239
SPY,2021-07-13T00:00:00-04:00,436.22,437.83,435.32,435.68,1100699,8970,436.418276
SPY,2021-07-14T00:00:00-04:00,437.405,437.91,434.94,436.34,958448,6214,436.469338
SPY,2021-07-15T00:00:00-04:00,434.87,435.52,432.77,434.745,1329473,8808,434.377259
SPY,2021-07-16T00:00:00-04:00,435.99,436.06,430.92,431.37,1661664,11170,433.127495
SPY,2021-07-19T00:00:00-04:00,426.19,426.67,422,424.6,2652205,17353,423.634665
SPY,2021-07-20T00:00:00-04:00,425.77,432.41,424.84,431.05,2078731,16750,430.807851
SPY,2021-07-21T00:00:00-04:00,432.34,434.7,432.17,434.49,1226597,10236,433.783358
SPY,2021-07-22T00:00:00-04:00,434.75,435.7,433.695,435.51,973538,8336,434.903192
SPY,2021-07-23T00:00:00-04:00,437.58,440.3,436.84,439.74,1153521,10194,439.231325
SPY,2021-07-26T00:00:00-04:00,439.3,441.03,439.26,440.98,773627,7047,440.299073
SPY,2021-07-27T00:00:00-04:00,439.8,439.82,436.01,438.97,1040709,9198,437.832103
SPY,2021-07-28T00:00:00-04:00,439.67,440.29,437.71,438.82,875428,6912,439.019235
SPY,2021-07-29T00:00:00-04:00,439.82,441.785,439.82,440.66,796963,7252,441.070378
SPY,2021-07-30T00:00:00-04:00,437.91,440.02,437.775,438.48,1095883,9215,438.566836
SPY,2021-08-02T00:00:00-04:00,440.34,440.88,437.305,437.6,1003205,7400,438.827373
SPY,2021-08-03T00:00:00-04:00,438.44,441.24,436.115,441.24,1031118,7976,438.896281
SPY,2021-08-04T00:00:00-04:00,439.76,440.37,438.77,439.01,891423,6654,439.57729
SPY,2021-08-05T00:00:00-04:00,440.27,441.83,439.9,441.72,726445,5944,440.879733
SPY,2021-08-06T00:00:00-04:00,442.11,442.89,441.85,442.52,711250,5492,442.385661
SPY,2021-08-09T00:00:00-04:00,442.46,442.77,441.31,442.19,595961,4965,442.123836
SPY,2021-08-10T00:00:00-04:00,442.63,443.43,441.92,442.67,674913,5564,442.672425
SPY,2021-08-11T00:00:00-04:00,443.75,443.87,442.62,443.76,749406,6508,443.396523
SPY,2021-08-12T00:00:00-04:00,443.61,445.24,442.66,445.08,768709,8126,444.00567
SPY,2021-08-13T00:00:00-04:00,445.61,445.91,445.14,445.91,576662,5670,445.526551
SPY,2021-08-16T00:00:00-04:00,444.54,447.09,442.88,446.99,1014355,8164,444.834251
SPY,2021-08-17T00:00:00-04:00,444.29,444.96,440.94,444,1293505,8298,443.007647
SPY,2021-08-18T00:00:00-04:00,442.94,444.6,438.92,439.295,1232736,6350,442.019388
SPY,2021-08-19T00:00:00-04:00,436.27,441.115,436.12,439.96,1395553,9272,439.151671
SPY,2021-08-20T00:00:00-04:00,440.24,443.7,439.745,443.37,900346,5930,442.677823
SPY,2021-08-23T00:00:00-04:00,445.17,448.22,445.17,447.29,960719,8032,447.437806
SPY,2021-08-24T00:00:00-04:00,448,448.54,447.44,447.94,774430,6905,448.138798
SPY,2021-08-25T00:00:00-04:00,448.17,449.43,447.79,448.925,666120,5174,448.920009
SPY,2021-08-26T00:00:00-04:00,448.63,448.82,446.16,446.32,1064115,7332,447.243464
SPY,2021-08-27T00:00:00-04:00,447.09,450.64,447.07,450.16,1141610,7665,449.71887
SPY,2021-08-30T00:00:00-04:00,450.99,453.04,450.77,452.22,757959,9056,452.392837
SPY,2021-08-31T00:00:00-04:00,452.13,452.48,450.95,451.61,916029,6930,451.706118
SPY,2021-09-01T00:00:00-04:00,452.61,453.11,451.55,451.715,926673,7975,452.316141
SPY,2021-09-02T00:00:00-04:00,453.33,454.03,451.915,453.22,761510,5703,452.89634
SPY,2021-09-03T00:00:00-04:00,452.01,453.63,451.55,453.05,794266,6780,452.935612
SPY,2021-09-07T00:00:00-04:00,452.685,452.685,450.755,451.5,832398,6934,451.656397
SPY,2021-09-08T00:00:00-04:00,450.88,451.63,448.87,450.93,694091,4849,450.435251
SPY,2021-09-09T00:00:00-04:00,450.78,452.52,448.73,448.95,996739,6692,450.190324
SPY,2021-09-10T00:00:00-04:00,451.12,451.475,445.315,445.53,1381172,8960,447.721671
SPY,2021-09-13T00:00:00-04:00,448.67,448.86,444.11,446.58,1608821,11219,445.930387
SPY,2021-09-14T00:00:00-04:00,448.18,448.29,443.25,444.2,1146914,9214,444.937672
SPY,2021-09-15T00:00:00-04:00,444.61,448.4,443.48,447.885,1510563,10238,446.721854
SPY,2021-09-16T00:00:00-04:00,447.31,448.305,444.02,447.17,1779594,13404,446.385393
SPY,2021-09-17T00:00:00-04:00,444.665,445.355,441.025,441.39,2162504,16963,442.25376
SPY,2021-09-20T00:00:00-04:00,434.88,436.55,428.86,434.01,2984272,16823,432.630769
SPY,2021-09-21T00:00:00-04:00,436.62,437.89,433.09,433.63,1247521,7303,435.276508
SPY,2021-09-22T00:00:00-04:00,436.1,440.02,435.075,437.85,1362000,9692,438.107562
SPY,2021-09-23T00:00:00-04:00,439.81,444.875,439.66,443.1,1392247,10042,443.410652
SPY,2021-09-24T00:00:00-04:00,441.35,444.665,441.25,443.89,868002,7602,443.465496
SPY,2021-09-27T00:00:00-04:00,442.63,444.035,441.94,442.66,1002093,6685,443.051114
SPY,2021-09-28T00:00:00-04:00,439.5,439.94,433,433.63,2517009,14608,435.096154
SPY,2021-09-29T00:00:00-04:00,435.16,437.03,433.87,434.35,1259918,7854,435.465761
SPY,2021-09-30T00:00:00-04:00,435.93,436.755,428.95,429.06,2595030,14814,432.215507
SPY,2021-10-01T00:00:00-04:00,431.02,436.01,427.255,434.24,2310457,13889,431.824784
SPY,2021-10-04T00:00:00-04:00,433,433.895,426.37,428.51,2759787,15227,428.42631
SPY,2021-10-05T00:00:00-04:00,430.21,435.485,429.41,432.99,1563300,8575,433.815114
SPY,2021-10-06T00:00:00-04:00,429.25,435.105,427.545,434.9,2736516,16546,431.707295
SPY,2021-10-07T00:00:00-04:00,438.36,441.66,438.205,438.53,1369868,9335,440.129378
SPY,2021-10-08T00:00:00-04:00,439.49,439.89,437.21,437.77,1316623,8537,438.479989
SPY,2021-10-11T00:00:00-04:00,437.15,440.23,434.66,434.66,1381463,7911,437.140574
SPY,2021-10-12T00:00:00-04:00,435.65,436.08,432.8,433.65,1831193,10879,434.401321
SPY,2021-10-13T00:00:00-04:00,434.74,435.96,431.69,435.17,1570296,10984,434.043588
SPY,2021-10-14T00:00:00-04:00,439.13,442.65,438.63,442.5,1702171,11662,441.441908
SPY,2021-10-15T00:00:00-04:00,444.925,446.26,444.09,445.84,1688757,12976,445.406805
SPY,2021-10-18T00:00:00-04:00,443.98,447.54,443.27,447.21,1250461,9080,446.4267
SPY,2021-10-19T00:00:00-04:00,448.91,450.7,448.295,450.7,1253397,10119,449.869027
SPY,2021-10-20T00:00:00-04:00,451.09,452.72,451.01,452.39,1065761,9407,452.029376
SPY,2021-10-21T00:00:00-04:00,451.72,453.815,451.31,453.55,961412,7588,452.520392
SPY,2021-10-22T00:00:00-04:00,453.11,454.62,451.08,453.09,1125046,8062,453.028701
SPY,2021-10-25T00:00:00-04:00,454.25,455.89,452.4,455.49,970934,8170,454.913914
SPY,2021-10-26T00:00:00-04:00,457.2,458.49,455.59,455.95,1401235,9568,457.050615
SPY,2021-10-27T00:00:00-04:00,456.44,457.15,453.87,453.89,1423600,13008,455.660298
SPY,2021-10-28T00:00:00-04:00,455.5,458.39,455.49,458.17,1078798,9127,457.370775
SPY,2021-10-29T00:00:00-04:00,455.85,459.55,455.56,459.14,1738283,12800,458.187401
SPY,2021-11-01T00:00:00-04:00,460.34,460.69,458.22,460.07,1133593,9749,459.335457
SPY,2021-11-02T00:00:00-04:00,460.27,462.2,460.1,461.87,1064404,8247,461.540658
SPY,2021-11-03T00:00:00-04:00,461.32,465.14,460.88,464.735,1133985,9383,462.887974
SPY,2021-11-04T00:00:00-04:00,465.38,466.99,465.03,466.87,1035074,8018,466.124119
SPY,2021-11-05T00:00:00-04:00,469.29,470.63,466.93,468.56,1053869,9807,469.15758
SPY,2021-11-08T00:00:00-05:00,469.75,470.21,468.245,468.95,572075,5354,469.141974
SPY,2021-11-09T00:00:00-05:00,469.54,469.565,465.885,467.37,980433,7731,467.057042
SPY,2021-11-10T00:00:00-05:00,465.56,467.36,462.07,463.69,1562659,11644,464.470075
SPY,2021-11-11T00:00:00-05:00,465.23,465.28,463.75,463.85,739921,5791,464.449757
SPY,2021-11-12T00:00:00-05:00,465.18,467.86,464.11,467.31,883752,6826,466.409255
SPY,2021-11-15T00:00:00-05:00,468.69,468.71,466.245,467.42,948862,9117,467.276591
SPY,2021-11-16T00:00:00-05:00,467.3,470.47,467.11,469.23,1161115,9411,469.450388
SPY,2021-11-17T00:00:00-05:00,469.02,469.18,467.51,468.15,875040,6668,468.305762
SPY,2021-11-18T00:00:00-05:00,469.29,469.995,466.38,469.68,1208367,9483,468.835892
SPY,2021-11-19T00:00:00-05:00,469.59,470.9,468.51,469,1182262,9396,469.466771
SPY,2021-11-22T00:00:00-05:00,470.88,473.53,467.38,467.45,1514257,11155,470.796731
SPY,2021-11-23T00:00:00-05:00,467.2,469.045,464.46,468.27,1724927,12691,466.733616
SPY,2021-11-24T00:00:00-05:00,466.15,469.54,465.22,469.39,1387007,10698,468.021458
SPY,2021-11-26T00:00:00-05:00,462.4,463.885,457.82,458.91,2310218,13466,460.111683
SPY,2021-11-29T00:00:00-05:00,464.07,466.55,461.73,464.64,2005303,13379,464.510657
SPY,2021-11-30T00:00:00-05:00,462.01,463.89,455.315,456.17,2483997,20408,458.28541
SPY,2021-12-01T00:00:00-05:00,461.64,464.66,450.33,450.44,3281099,23674,458.408442
SPY,2021-12-02T00:00:00-05:00,450.58,459.06,450.36,457.32,2440468,16897,456.140592
SPY,2021-12-03T00:00:00-05:00,459.18,460.27,448.94,453.43,2544503,18527,452.173346
SPY,2021-12-06T00:00:00-05:00,456.13,460.79,453.61,458.84,2296935,18932,458.527509
SPY,2021-12-07T00:00:00-05:00,464.41,468.87,464.36,468.29,2214138,17536,467.61497
SPY,2021-12-08T00:00:00-05:00,468.67,469.995,466.86,469.53,1358914,13660,468.616759
SPY,2021-12-09T00:00:00-05:00,468.13,469.1,466.15,466.37,1240904,11529,467.812327
SPY,2021-12-10T00:00:00-05:00,469.22,470.88,466.52,470.69,1279582,10432,469.000535
SPY,2021-12-13T00:00:00-05:00,470.33,470.56,466.35,466.69,1443330,10772,467.850843
SPY,2021-12-14T00:00:00-05:00,463.03,465.74,460.26,463.38,1666304,12066,462.509142
SPY,2021-12-15T00:00:00-05:00,463.48,470.855,460.81,470.58,2453008,14755,465.497597
SPY,2021-12-16T00:00:00-05:00,472.57,472.86,464.8,466.51,2398682,17728,468.781047
SPY,2021-12-17T00:00:00-05:00,461.63,464.705,458.07,459.85,1788722,13708,461.401094
SPY,2021-12-20T00:00:00-05:00,454.41,455.4,451.15,455.09,1951976,14381,453.457515
SPY,2021-12-21T00:00:00-05:00,458.73,463.205,456.33,463.06,1438023,11587,460.723953
SPY,2021-12-22T00:00:00-05:00,462.65,467.81,462.58,467.7,1186516,9319,466.007328
SPY,2021-12-23T00:00:00-05:00,468.75,472.18,468.65,470.59,1327872,11342,471.143722
SPY,2021-12-27T00:00:00-05:00,472.08,477.31,472.02,477.31,1048955,8929,475.665634
SPY,2021-12-28T00:00:00-05:00,477.72,478.8,476.07,476.885,981087,8876,477.150826
SPY,2021-12-29T00:00:00-05:00,476.97,478.51,475.94,477.48,798714,6824,477.364139
SPY,2021-12-30T00:00:00-05:00,478.05,479,475.69,476.18,1079839,8227,477.834086
SPY,2021-12-31T00:00:00-05:00,475.65,476.85,474.68,474.9,978337,8258,475.793025
SPY,2022-01-03T00:00:00-05:00,476.32,477.79,473.855,477.75,1096935,9223,476.620793
SPY,2022-01-04T00:00:00-05:00,479.21,479.98,475.62,477.47,1592794,13046,477.809342
SPY,2022-01-05T00:00:00-05:00,477.25,477.96,468.3,468.5,2124466,15201,472.860785
SPY,2022-01-06T00:00:00-05:00,467.83,470.795,465.43,467.95,1982217,14238,468.582614
SPY,2022-01-07T00:00:00-05:00,467.94,469.19,464.7,465.99,1237553,7165,467.082417
SPY,2022-01-10T00:00:00-05:00,462.72,465.71,456.61,465.57,2037795,13012,460.46473
SPY,2022-01-11T00:00:00-05:00,465.19,469.85,462.07,469.75,1182243,9525,466.498184
SPY,2022-01-12T00:00:00-05:00,471.625,473.18,468.99,471.1,823670,7772,471.119006
SPY,2022-01-13T00:00:00-05:00,472.33,472.83,463.45,464.79,1480043,11706,467.538884
SPY,2022-01-14T00:00:00-05:00,461.13,465.05,459.92,464.58,1526542,10672,462.664407
SPY,2022-01-18T00:00:00-05:00,459.7,459.91,455.34,456.5,1616692,11392,457.297943
SPY,2022-01-19T00:00:00-05:00,458.12,459.59,451.465,451.83,1615078,11797,455.678498
SPY,2022-01-20T00:00:00-05:00,453.67,458.73,446.275,446.58,1946911,12206,453.392314
SPY,2022-01-21T00:00:00-05:00,445.65,448.03,437.97,438.01,3155532,20766,442.227755
SPY,2022-01-24T00:00:00-05:00,432.07,440.36,420.83,440.09,3508516,23281,429.583216
SPY,2022-01-25T00:00:00-05:00,433.085,439.71,427.21,434.49,2831413,17362,433.398967
SPY,2022-01-26T00:00:00-05:00,440.945,444.01,428.88,433.11,2683341,17705,437.128716
SPY,2022-01-27T00:00:00-05:00,438.24,441.55,429.47,431.315,2283525,14775,434.252597
SPY,2022-01-28T00:00:00-05:00,432.71,441.99,427.83,441.95,2725224,18335,435.062255
SPY,2022-01-31T00:00:00-05:00,441.22,450.28,439.86,449.815,2210038,16792,446.737264
SPY,2022-02-01T00:00:00-05:00,450.7,453.6,446.95,452.87,1315722,10030,450.737248
SPY,2022-02-02T00:00:00-05:00,455.46,458.12,453.06,457.19,1506614,9486,455.996144
SPY,2022-02-03T00:00:00-05:00,450.98,452.92,445.76,446.45,1709160,11786,449.511731
SPY,2022-02-04T00:00:00-05:00,446.37,452.77,443.87,448.75,1571603,11860,448.717618
SPY,2022-02-07T00:00:00-05:00,449.51,450.96,445.88,447.24,915456,6199,448.307541
SPY,2022-02-08T00:00:00-05:00,446.76,451.86,445.26,450.79,1066565,6678,449.110028
SPY,2022-02-09T00:00:00-05:00,455.22,457.79,455.04,457.41,1363613,9830,456.543036
SPY,2022-02-10T00:00:00-05:00,451.36,457.68,447.21,449.38,2187584,15391,452.367248
SPY,2022-02-11T00:00:00-05:00,449.37,451.54,438.97,440.42,2442797,15049,443.083946
SPY,2022-02-14T00:00:00-05:00,439.96,441.585,435.375,438.89,1353964,9547,438.801055
SPY,2022-02-15T00:00:00-05:00,443.82,446.27,443.25,445.99,971379,8246,444.992628
SPY,2022-02-16T00:00:00-05:00,443.96,447.93,441.96,446.68,1044875,7916,444.780964
SPY,2022-02-17T00:00:00-05:00,443.38,443.73,436.425,436.98,1471785,11549,439.201884
SPY,2022-02-18T00:00:00-05:00,437.37,438.64,431.87,434.27,1718599,12914,434.953883
SPY,2022-02-22T00:00:00-05:00,432.05,435.5,425.9,429.58,2494412,19168,430.289777
SPY,2022-02-23T00:00:00-05:00,432.59,433.22,421.37,422.05,2181670,15390,426.213784
SPY,2022-02-24T00:00:00-05:00,411.05,428.71,410.65,428.31,2457055,18655,418.943423
SPY,2022-02-25T00:00:00-05:00,429.58,437.815,427.935,437.65,1794538,14939,434.8271
SPY,2022-02-28T00:00:00-05:00,431.99,438.17,430.7,436.49,2056557,14592,434.146077
SPY,2022-03-01T00:00:00-05:00,435.09,437.15,427.27,429.93,2051122,15024,430.784647
SPY,2022-03-02T00:00:00-05:00,432.39,439.62,431.68,437.79,1551924,12959,436.800024
SPY,2022-03-03T00:00:00-05:00,440.4,441.085,433.86,435.75,1501648,12994,437.013564
SPY,2022-03-04T00:00:00-05:00,431.75,433.36,427.95,432.15,1529061,12817,430.525988
SPY,2022-03-07T00:00:00-05:00,431.51,431.81,419.39,419.47,2501177,17979,423.144137
SPY,2022-03-08T00:00:00-05:00,419.66,427.2,415.17,416.31,3256913,23243,420.531723
SPY,2022-03-09T00:00:00-05:00,425.15,429.5,422.86,427.45,2191544,13170,427.001325
SPY,2022-03-10T00:00:00-05:00,422.55,426.415,420.44,425.48,2202301,14122,423.515364
SPY,2022-03-11T00:00:00-05:00,428.15,428.71,419.55,420.07,2088256,13953,424.163622
SPY,2022-03-14T00:00:00-04:00,420.95,424.51,415.79,416.94,2561937,16252,418.725771
SPY,2022-03-15T00:00:00-04:00,419.74,426.835,418.44,426.17,2612143,17082,423.473798
SPY,2022-03-16T00:00:00-04:00,429.89,435.67,424.85,435.67,2848672,17525,430.902854
SPY,2022-03-17T00:00:00-04:00,433.71,441.05,433.21,441.05,2107649,13290,437.31572
SPY,2022-03-18T00:00:00-04:00,438.04,444.845,437.23,444.35,1853532,12686,441.705534
SPY,2022-03-21T00:00:00-04:00,444.67,446.46,440.69,444.39,1923850,14070,443.694638
SPY,2022-03-22T00:00:00-04:00,446,450.58,445.94,449.61,1367707,9920,448.7993
SPY,2022-03-23T00:00:00-04:00,446.88,448.46,443.79,443.8,1533798,12278,446.206029
SPY,2022-03-24T00:00:00-04:00,445.9,450.44,444.79,450.42,1175556,9225,447.989743
SPY,2022-03-25T00:00:00-04:00,451.125,452.96,448.45,452.65,1147220,9750,450.908962
SPY,2022-03-28T00:00:00-04:00,452.09,455.87,450.11,455.85,972411,7327,453.134985
SPY,2022-03-29T00:00:00-04:00,460.04,462.055,457.2,461.59,1995564,15815,459.782138
SPY,2022-03-30T00:00:00-04:00,460.37,461.185,456.47,458.63,1142267,9858,458.935104
SPY,2022-03-31T00:00:00-04:00,458,458.73,451.59,451.8,1732118,12947,455.266983
SPY,2022-04-01T00:00:00-04:00,453.28,453.43,449.19,452.93,1247893,9079,451.557765
SPY,2022-04-04T00:00:00-04:00,453.07,456.83,452.29,456.71,1164303,10175,455.374855
SPY,2022-04-05T00:00:00-04:00,455.23,457.81,449.9,451.23,1793188,12597,452.923492
SPY,2022-04-06T00:00:00-04:00,446.86,448.93,443.47,446.64,2303884,14972,446.093793
SPY,2022-04-07T00:00:00-04:00,445.71,450.66,443.57,448.71,1971889,12957,447.235095
SPY,2022-04-08T00:00:00-04:00,448.1,450.57,445.98,447.63,1579934,9504,448.195212
SPY,2022-04-11T00:00:00-04:00,444.16,445,439.41,440.01,1942981,12699,441.969364
SPY,2022-04-12T00:00:00-04:00,443.15,445.67,436.655,438.28,2364634,14851,439.901131
SPY,2022-04-13T00:00:00-04:00,437.99,444.06,437.91,443.33,1137623,8555,441.626772
SPY,2022-04-14T00:00:00-04:00,443.58,444.695,437.685,437.95,1480474,10007,440.328936
SPY,2022-04-18T00:00:00-04:00,436.89,439.72,435.62,438.01,1239780,9062,437.525718
SPY,2022-04-19T00:00:00-04:00,437.97,445.79,437.72,444.91,1593310,10405,443.401462
SPY,2022-04-20T00:00:00-04:00,446.94,447.56,443.505,444.71,1267461,8451,445.611319
SPY,2022-04-21T00:00:00-04:00,448.65,449.99,437.13,437.92,1677539,10728,442.879497
SPY,2022-04-22T00:00:00-04:00,436.85,437.17,425.46,426.05,2520022,14527,430.209197
SPY,2022-04-25T00:00:00-04:00,423.66,428.68,418.84,428.56,2446712,16649,423.497068
SPY,2022-04-26T00:00:00-04:00,425.76,425.99,416.07,416.09,3107121,17900,420.129453
SPY,2022-04-27T00:00:00-04:00,417.23,422.92,415.02,417.19,1884990,12372,419.067095
SPY,2022-04-28T00:00:00-04:00,422.24,429.6,417.6,427.75,2901392,18434,424.926003
SPY,2022-04-29T00:00:00-04:00,423.61,425.84,411.22,411.91,3563548,20883,416.987945
SPY,2022-05-02T00:00:00-04:00,412.03,415.87,405.07,414.6,3327180,21495,410.772375
SPY,2022-05-03T00:00:00-04:00,414.99,418.92,413.39,416.33,1816807,12302,416.189967
SPY,2022-05-04T00:00:00-04:00,417.07,429.62,413.72,429.08,2997683,19847,421.9012
SPY,2022-05-05T00:00:00-04:00,424.54,424.61,409.49,414.2,4327815,25192,414.876613
SPY,2022-05-06T00:00:00-04:00,411.12,414.755,405.73,411.55,2839887,18877,410.118394
SPY,2022-05-09T00:00:00-04:00,405.1,406.35,396.52,398.26,3073074,19257,400.834904
SPY,2022-05-10T00:00:00-04:00,404.7,406.075,394.82,399.08,3043393,23079,400.425827
SPY,2022-05-11T00:00:00-04:00,398.05,403.97,391.99,392.72,2891288,19726,397.370261
SPY,2022-05-12T00:00:00-04:00,389.52,395.73,385.16,392.39,3669221,25962,389.462012
SPY,2022-05-13T00:00:00-04:00,396.8,403.17,395.625,401.61,2496868,17694,400.258717
SPY,2022-05-16T00:00:00-04:00,400.02,403.94,397.62,400.26,2126515,12495,400.620645
SPY,2022-05-17T00:00:00-04:00,406.5,408.45,402.62,408.32,2344311,16445,406.212873
SPY,2022-05-18T00:00:00-04:00,403.535,403.78,390.55,391.94,2791976,18292,394.809069
SPY,2022-05-19T00:00:00-04:00,388.61,394.1,387.205,389.41,2361296,13874,390.392481
SPY,2022-05-20T00:00:00-04:00,393.28,393.76,380.56,389.59,3193677,20217,386.017097
SPY,2022-05-23T00:00:00-04:00,392.94,397.7,390.4,396.96,1917353,13982,395.018517
SPY,2022-05-24T00:00:00-04:00,392.565,395.15,387.06,394.04,2426004,15893,391.121589
SPY,2022-05-25T00:00:00-04:00,392.31,399.43,391.97,397.4,1743436,13248,395.923937
SPY,2022-05-26T00:00:00-04:00,398.53,407.03,398.53,405.31,2200921,17326,404.74198
SPY,2022-05-27T00:00:00-04:00,407.95,415.35,407.77,415.35,2162002,16069,412.420359
SPY,2022-05-31T00:00:00-04:00,413.595,416.45,410.03,412.96,2083148,16066,413.506475
SPY,2022-06-01T00:00:00-04:00,415.14,416.24,406.97,409.61,1869336,14427,410.760454
SPY,2022-06-02T00:00:00-04:00,409.38,417.43,407.07,417.37,2054041,16959,412.995015
SPY,2022-06-03T00:00:00-04:00,412.45,414.02,409.53,410.51,1882423,14440,411.372559
SPY,2022-06-06T00:00:00-04:00,414.8,416.58,410.57,411.69,1558059,11535,413.291479
SPY,2022-06-07T00:00:00-04:00,408.06,416.22,407.64,415.75,1484530,12173,413.096777
SPY,2022-06-08T00:00:00-04:00,413.87,415.8,410.39,411.3,1624210,13690,412.60546
SPY,2022-06-09T00:00:00-04:00,409.32,411.71,401.45,401.45,1956316,15212,406.939301
SPY,2022-06-10T00:00:00-04:00,394.875,395.75,389.76,389.76,2613512,21397,391.786326
SPY,2022-06-13T00:00:00-04:00,379.89,381.77,373.33,375.08,3778833,27577,377.175308
SPY,2022-06-14T00:00:00-04:00,376.89,377.91,370.59,373.83,1984160,15124,374.125238
SPY,2022-06-15T00:00:00-04:00,377.335,383.84,372.14,379.2,3169544,22520,378.203284
SPY,2022-06-16T00:00:00-04:00,370.51,370.925,364.12,367.08,3220976,21701,366.974029
SPY,2022-06-17T00:00:00-04:00,365.47,369.38,362.18,365.81,2502209,17580,366.535702
SPY,2022-06-21T00:00:00-04:00,371.87,376.51,371.83,375.12,1585797,14251,374.922413
SPY,2022-06-22T00:00:00-04:00,370.57,378.71,370.18,374.33,1541028,12492,375.508092
SPY,2022-06-23T00:00:00-04:00,376.67,378.815,372.9,378.23,1358761,11549,376.111462
SPY,2022-06-24T00:00:00-04:00,381.44,390.07,381.37,390.07,2042323,17140,386.993361
SPY,2022-06-27T00:00:00-04:00,391.06,391.3,387.445,388.67,1379071,11473,389.010265
SPY,2022-06-28T00:00:00-04:00,390.16,392.995,380.545,380.83,1434998,10428,385.106286
SPY,2022-06-29T00:00:00-04:00,381.23,382.25,378.45,380.43,1347481,10425,380.345342
SPY,2022-06-30T00:00:00-04:00,376.29,380.61,372.6,377.285,2090833,15745,376.926183
SPY,2022-07-01T00:00:00-04:00,376.59,381.67,373.87,381.11,1365163,10850,378.062049
SPY,2022-07-05T00:00:00-04:00,376.32,381.98,372.91,381.98,1250596,10277,376.933929
SPY,2022-07-06T00:00:00-04:00,382.105,385.84,379.61,383.31,1333191,10096,382.409573
SPY,2022-07-07T00:00:00-04:00,385.16,389.82,385.15,388.84,1200997,11328,388.097142
SPY,2022-07-08T00:00:00-04:00,387.27,390.635,385.72,388.55,1023870,9552,388.624905
SPY,2022-07-11T00:00:00-04:00,385.85,386.825,383.515,384.19,1055393,8302,384.811001
SPY,2022-07-12T00:00:00-04:00,383.63,386.11,378.995,380.9,1145027,9805,382.577723
SPY,2022-07-13T00:00:00-04:00,375.18,381.9,374.66,378.86,1560393,12060,378.812782
SPY,2022-07-14T00:00:00-04:00,373.61,378.54,371.07,377.955,1449695,10746,375.024529
SPY,2022-07-15T00:00:00-04:00,382.59,385.245,380.59,384.92,1426821,13566,383.831492
SPY,2022-07-18T00:00:00-04:00,388.39,389.08,380.68,382.02,1375367,12785,385.669711
SPY,2022-07-19T00:00:00-04:00,386.18,392.84,385.44,392.17,1603480,14349,390.176843
SPY,2022-07-20T00:00:00-04:00,392.42,396.25,391.05,394.86,1373750,12136,394.275523
SPY,2022-07-21T00:00:00-04:00,394.14,398.84,391.67,398.84,1140760,10495,395.658539
SPY,2022-07-22T00:00:00-04:00,398.79,400.17,392.76,395.13,1518449,15251,395.669502
SPY,2022-07-25T00:00:00-04:00,395.84,396.44,393.23,395.49,792134,9590,394.932006
SPY,2022-07-26T00:00:00-04:00,393.72,394.04,389.96,390.79,918302,9717,391.54146
SPY,2022-07-27T00:00:00-04:00,394.47,402.85,394.09,401.02,2266143,16652,399.299216
SPY,2022-07-28T00:00:00-04:00,401.88,406.79,398.19,405.92,1633561,15802,403.074172
SPY,2022-07-29T00:00:00-04:00,407.62,413,406.8,412.13,1387388,11447,411.008057
SPY,2022-08-01T00:00:00-04:00,409.18,413.39,408.4,410.77,1194335,10526,410.904579
SPY,2022-08-02T00:00:00-04:00,409.13,412.96,406.9,408.13,1041460,10183,409.730958
SPY,2022-08-03T00:00:00-04:00,410.3,415.65,410.03,414.39,945100,9154,413.530669
SPY,2022-08-04T00:00:00-04:00,414.39,415.04,412.505,414.17,754368,6857,414.105046
SPY,2022-08-05T00:00:00-04:00,409.7,414.13,409.6,413.43,1001026,8387,412.454361
SPY,2022-08-08T00:00:00-04:00,415.23,417.62,411.89,412.92,997879,8466,415.020404
SPY,2022-08-09T00:00:00-04:00,412.23,412.67,410.23,411.38,904719,8999,411.233896
SPY,2022-08-10T00:00:00-04:00,418.78,420.14,416.73,419.82,1238604,9500,419.018659
SPY,2022-08-11T00:00:00-04:00,423.01,424.94,419.24,420.02,1196335,9869,421.685895
SPY,2022-08-12T00:00:00-04:00,422.04,427.2,421.08,427.03,956808,9460,425.006946
SPY,2022-08-15T00:00:00-04:00,424.82,429.34,424.77,428.9,1071259,10780,427.860704
SPY,2022-08-16T00:00:00-04:00,427.73,431.71,426.895,429.72,889212,9366,429.314272
SPY,2022-08-17T00:00:00-04:00,425.96,429.48,424.565,426.67,955055,7557,426.717553
SPY,2022-08-18T00:00:00-04:00,426.86,428.6,425.525,427.82,843759,8369,427.102615
SPY,2022-08-19T00:00:00-04:00,424.85,425.24,421.245,422.19,1311955,10660,422.720965
SPY,2022-08-22T00:00:00-04:00,417.04,417.225,412.405,413.41,1506564,13776,414.255567
SPY,2022-08-23T00:00:00-04:00,412.84,415.405,411.78,412.3,1094373,10489,413.292157
SPY,2022-08-24T00:00:00-04:00,412.03,415.105,411.47,413.66,820436,7857,413.48442
SPY,2022-08-25T00:00:00-04:00,415.22,419.56,414.15,419.52,953924,9083,416.987578
SPY,2022-08-26T00:00:00-04:00,419.46,419.89,405.29,405.35,1616118,11450,410.451273
SPY,2022-08-29T00:00:00-04:00,402.22,405.82,401.2,402.63,1459284,13862,403.370348
SPY,2022-08-30T00:00:00-04:00,403.97,404.03,396.01,398.17,1586931,12943,398.551439
SPY,2022-08-31T00:00:00-04:00,399.92,401.21,395.05,395.11,1484931,12128,397.319771
SPY,2022-09-01T00:00:00-04:00,392.84,396.78,390.06,396.33,1672423,14485,393.038504
SPY,2022-09-02T00:00:00-04:00,400.27,401.55,390.335,392.19,2121598,17184,395.2897
SPY,2022-09-06T00:00:00-04:00,393.15,394.12,388.475,390.83,1205303,10423,391.265108
SPY,2022-09-07T00:00:00-04:00,390.41,398.55,390.3,397.82,1216815,10486,395.511435
SPY,2022-09-08T00:00:00-04:00,395.34,400.85,394.17,400.375,1898322,13754,397.965792
SPY,2022-09-09T00:00:00-04:00,402.74,407.51,402.5,406.51,1405507,11470,405.892879
SPY,2022-09-12T00:00:00-04:00,408.77,411.71,408.5,411.02,1053304,9447,410.315733
SPY,2022-09-13T00:00:00-04:00,401.8,403.1,391.93,393.03,2951925,25185,397.104671
SPY,2022-09-14T00:00:00-04:00,394.44,396.08,391.15,394.53,1111740,10473,393.751617
SPY,2022-09-15T00:00:00-04:00,392.97,395.92,388.81,390.19,1620604,12398,391.964117
SPY,2022-09-16T00:00:00-04:00,384.14,386.25,382.11,385.58,1669994,16554,384.278395
SPY,2022-09-19T00:00:00-04:00,382.27,388.52,382.18,388.515,897971,8070,386.158801
SPY,2022-09-20T00:00:00-04:00,385.065,386.01,381.21,384.22,1647627,16330,383.731321
SPY,2022-09-21T00:00:00-04:00,386.12,389.29,377.39,377.39,2085917,14649,383.588059
SPY,2022-09-22T00:00:00-04:00,376.58,377.66,373.495,374.29,1288498,12577,375.390072
SPY,2022-09-23T00:00:00-04:00,370.55,370.57,363.3,368.19,2136439,19381,366.672682
SPY,2022-09-26T00:00:00-04:00,366.42,370.19,363.05,364.33,1847635,14461,365.934073
SPY,2022-09-27T00:00:00-04:00,368.01,370.38,360.93,363.395,1506076,11332,364.595492
SPY,2022-09-28T00:00:00-04:00,364.36,372.3,362.63,370.52,2006135,15700,367.745962
SPY,2022-09-29T00:00:00-04:00,366.81,367.04,359.72,362.76,2229924,18062,362.361042
SPY,2022-09-30T00:00:00-04:00,361.91,365.82,357.11,357.21,2816620,22029,360.879748
SPY,2022-10-03T00:00:00-04:00,361.04,368.54,359.335,366.66,1618750,13864,365.424889
SPY,2022-10-04T00:00:00-04:00,372.42,377.99,372.35,377.99,1487082,12149,376.218514
SPY,2022-10-05T00:00:00-04:00,373.39,379.44,370.97,377.19,1490642,11117,374.914723
SPY,2022-10-06T00:00:00-04:00,375.61,378.68,372.68,373.19,1464188,11525,374.716403
SPY,2022-10-07T00:00:00-04:00,369,369.22,360.945,362.75,1786980,12057,364.259771
SPY,2022-10-10T00:00:00-04:00,363.97,364.17,357.74,360.08,1239893,9813,360.950967
SPY,2022-10-11T00:00:00-04:00,358.24,362.98,355.75,357.86,1607080,12255,358.588318
SPY,2022-10-12T00:00:00-04:00,358.32,359.8,356.33,356.52,1308393,9299,357.977097
SPY,2022-10-13T00:00:00-04:00,349.21,367.495,348.125,366.08,2869450,14960,360.169918
SPY,2022-10-14T00:00:00-04:00,368.56,370.23,356.96,357.68,1802519,11708,360.807605
SPY,2022-10-17T00:00:00-04:00,364,367.97,363.97,366.86,1484072,12875,366.554027
SPY,2022-10-18T00:00:00-04:00,375.13,375.41,367.56,371.19,1258448,8876,371.182659
SPY,2022-10-19T00:00:00-04:00,368.33,371.8,365.685,368.53,949998,7220,368.360341
SPY,2022-10-20T00:00:00-04:00,368.02,372.66,364.62,365.4,1564765,14731,367.768829
SPY,2022-10-21T00:00:00-04:00,365.12,374.785,363.71,374.3,1582516,12446,371.428339
SPY,2022-10-24T00:00:00-04:00,375.91,380.04,373.145,378.77,1388193,11584,377.432283
SPY,2022-10-25T00:00:00-04:00,378.87,385.235,378.78,384.83,1211118,9455,383.302879
SPY,2022-10-26T00:00:00-04:00,381.62,387.55,381.36,382.13,1585903,13128,383.552249
SPY,2022-10-27T00:00:00-04:00,383.28,384.93,379.33,380.07,1493070,14747,381.440923
SPY,2022-10-28T00:00:00-04:00,379.87,389.52,379.695,388.99,1568316,15064,386.505473
SPY,2022-10-31T00:00:00-04:00,386.4,388.38,385.34,386.22,1745821,14100,386.650703
SPY,2022-11-01T00:00:00-04:00,390.145,390.37,383.39,384.51,1294546,9738,385.762307
SPY,2022-11-02T00:00:00-04:00,383.97,388.61,374.96,375.02,2467552,15965,381.587949
SPY,2022-11-03T00:00:00-04:00,371.41,374.2,368.82,371.035,1643995,13925,371.953569
SPY,2022-11-04T00:00:00-04:00,377,378.75,370.06,376.14,1658118,12290,374.218854
SPY,2022-11-07T00:00:00-05:00,377.83,380.56,375.53,380.01,1250909,9820,378.471888
SPY,2022-11-08T00:00:00-05:00,381.11,385.12,377.73,381.93,1721182,12257,381.922674
SPY,2022-11-09T00:00:00-05:00,379.87,381.13,373.63,374.17,1329373,10196,377.064948
SPY,2022-11-10T00:00:00-05:00,388.01,395.035,385.67,394.485,2435337,18479,391.248462
SPY,2022-11-11T00:00:00-05:00,395.65,399.35,393.66,398.5,1448532,16030,397.109506
SPY,2022-11-14T00:00:00-05:00,396.67,400.17,394.855,394.92,1002684,8447,397.5516
SPY,2022-11-15T00:00:00-05:00,401.15,402.29,394.57,398.53,1826755,15381,398.853951
SPY,2022-11-16T00:00:00-05:00,396.75,397.68,394.88,395.51,1240798,9696,396.031552
SPY,2022-11-17T00:00:00-05:00,390.48,394.92,390.16,394.32,1403944,9648,392.277058
SPY,2022-11-18T00:00:00-05:00,397.7,397.7,393.07,396.23,1175909,9111,395.24767
SPY,2022-11-21T00:00:00-05:00,394.665,395.71,392.8,394.56,897412,8706,394.479126
SPY,2022-11-22T00:00:00-05:00,396.65,400.055,395.22,399.87,990774,9512,398.241462
SPY,2022-11-23T00:00:00-05:00,399.56,402.93,399.33,402.24,1040098,9526,401.545316
SPY,2022-11-25T00:00:00-05:00,401.85,402.89,401.575,402.26,354072,4072,402.280544
SPY,2022-11-28T00:00:00-05:00,399.095,400.78,395.125,395.9,987539,11394,397.417043
SPY,2022-11-29T00:00:00-05:00,396.05,397.26,393.35,395.325,905449,7984,395.157478
SPY,2022-11-30T00:00:00-05:00,395.495,407.53,393.575,407.45,2347320,13739,401.107713
SPY,2022-12-01T00:00:00-05:00,408.79,409.96,404.77,407.41,1340246,12108,407.406716
SPY,2022-12-02T00:00:00-05:00,402.295,407.83,402.295,406.855,1198086,10684,404.91812
SPY,2022-12-05T00:00:00-05:00,403.83,404.91,398.18,399.61,1595237,14179,400.999157
SPY,2022-12-06T00:00:00-05:00,399.41,399.99,391.665,393.93,1213050,11136,394.509073
SPY,2022-12-07T00:00:00-05:00,392.83,395.62,392.04,393.11,905487,8569,393.390365
SPY,2022-12-08T00:00:00-05:00,395.05,397.34,393.59,396.135,1050916,8642,395.848115
SPY,2022-12-09T00:00:00-05:00,394.94,397.6,393.165,393.295,1051349,9922,395.485725
SPY,2022-12-12T00:00:00-05:00,394.11,398.91,393.42,398.905,986494,8574,396.055991
SPY,2022-12-13T00:00:00-05:00,410.3,410.31,399.11,402.03,1730605,13663,403.958066
SPY,2022-12-14T00:00:00-05:00,401.63,405.36,396.33,399.39,1636933,12997,401.317328
SPY,2022-12-15T00:00:00-05:00,394.33,395.205,387.915,389.81,2089252,16718,390.052484
SPY,2022-12-16T00:00:00-05:00,385.16,386.49,381.08,383.35,1699530,14496,383.420482
SPY,2022-12-19T00:00:00-05:00,383.535,383.78,378.305,380,979700,10733,380.522579
SPY,2022-12-20T00:00:00-05:00,379.18,382.195,377.865,380.49,612906,6310,380.416928
SPY,2022-12-21T00:00:00-05:00,383.27,387.365,382.735,386.13,705913,7141,385.53829
SPY,2022-12-22T00:00:00-05:00,383.01,383.365,374.77,380.73,1432802,13667,378.835911
SPY,2022-12-23T00:00:00-05:00,379.66,383.04,378.06,382.75,666399,9185,381.281148
SPY,2022-12-27T00:00:00-05:00,382.88,383.075,379.67,381.335,609727,10235,381.533104
SPY,2022-12-28T00:00:00-05:00,381.33,383.33,376.51,376.69,918689,11861,378.973416
SPY,2022-12-29T00:00:00-05:00,379.69,384.34,379.12,383.37,1118483,11648,382.986937
SPY,2022-12-30T00:00:00-05:00,380.66,382.57,378.44,382.47,933670,9571,380.458101
SPY,2023-01-03T00:00:00-05:00,384.33,386.425,377.89,380.92,1210981,10605,381.028394
SPY,2023-01-04T00:00:00-05:00,383.2,385.82,380.05,383.75,1313126,12106,383.267016
SPY,2023-01-05T00:00:00-05:00,381.56,381.83,378.8,379.34,1041106,9828,380.045589
SPY,2023-01-06T00:00:00-05:00,382.71,389.24,379.56,388.01,1593344,14524,386.225243
SPY,2023-01-09T00:00:00-05:00,390.375,393.64,387.67,387.9,930814,12268,390.839381
SPY,2023-01-10T00:00:00-05:00,387.21,390.63,386.28,390.6,835820,11158,389.09566
SPY,2023-01-11T00:00:00-05:00,392.38,395.59,391.48,395.55,963241,9867,393.703735
SPY,2023-01-12T00:00:00-05:00,396.74,398.46,392.46,397.03,1081572,11479,396.199477
SPY,2023-01-13T00:00:00-05:00,393.65,399.08,393.38,398.49,833579,11669,396.839622
SPY,2023-01-17T00:00:00-05:00,398.52,400.19,397.1,397.75,861542,10999,398.235019
SPY,2023-01-18T00:00:00-05:00,399.14,400.1,391.3,391.59,1636291,13330,394.160725
SPY,2023-01-19T00:00:00-05:00,389.16,391.06,387.3,388.57,1224701,12302,389.26785
SPY,2023-01-20T00:00:00-05:00,389.95,396.03,388.42,395.89,1232221,12531,392.955109
SPY,2023-01-23T00:00:00-05:00,396.82,402.635,395.74,400.59,1240802,13319,400.077897
SPY,2023-01-24T00:00:00-05:00,398.88,401.145,397.72,400.21,804302,9389,399.839221
SPY,2023-01-25T00:00:00-05:00,395.83,400.68,393.59,400.245,1223209,13043,397.426913
SPY,2023-01-26T00:00:00-05:00,403.21,404.91,400.04,404.75,1024840,12242,402.661288
SPY,2023-01-27T00:00:00-05:00,403.73,408.145,403.485,405.68,1154808,12096,406.106561
SPY,2023-01-30T00:00:00-05:00,402.745,405.1,400.305,400.63,1351155,14100,402.20673
SPY,2023-01-31T00:00:00-05:00,401.12,406.51,400.86,406.5,1102712,11911,403.980586
SPY,2023-02-01T00:00:00-05:00,405.1,413.65,402.39,410.65,1473487,13663,407.27026
SPY,2023-02-02T00:00:00-05:00,414.85,418.27,412.89,416.73,1588666,17426,415.626643
SPY,2023-02-03T00:00:00-05:00,411.55,416.91,411.125,412.31,1127556,12938,413.604413
SPY,2023-02-06T00:00:00-05:00,409.82,411.23,408.11,409.95,759146,9927,409.958736
SPY,2023-02-07T00:00:00-05:00,408.89,416.49,407.74,415.25,1295710,12575,411.90294
SPY,2023-02-08T00:00:00-05:00,413.15,414.53,409.97,410.7,1526958,14426,411.461177
SPY,2023-02-09T00:00:00-05:00,414.5,414.55,405.89,407.15,1545776,16275,409.381942
SPY,2023-02-10T00:00:00-05:00,405.94,408.44,405.045,408.01,1082160,12146,407.003091
SPY,2023-02-13T00:00:00-05:00,408.76,412.96,408.24,412.74,888501,10657,411.688725
SPY,2023-02-14T00:00:00-05:00,411.24,415.02,408.52,412.72,1157809,11979,412.07961
SPY,2023-02-15T00:00:00-05:00,410.44,413.955,409.785,413.955,821878,10210,412.120701
SPY,2023-02-16T00:00:00-05:00,408.82,412.91,408.2,408.27,1163982,11785,410.437831
SPY,2023-02-17T00:00:00-05:00,405.97,407.49,404.075,407.255,1227607,13545,405.875165
SPY,2023-02-21T00:00:00-05:00,403.1,404.075,398.83,399.06,1516566,15519,400.429589
SPY,2023-02-22T00:00:00-05:00,399.51,401.13,397.03,398.53,1170602,12056,398.916009
SPY,2023-02-23T00:00:00-05:00,401.53,402.2,396.29,400.6,1399412,11958,399.524615
SPY,2023-02-24T00:00:00-05:00,395.4,397.235,393.69,396.44,1237939,12701,395.431669
SPY,2023-02-27T00:00:00-05:00,399.92,401.21,396.77,397.695,874279,9968,398.738538
SPY,2023-02-28T00:00:00-05:00,397.29,399.23,396.26,396.26,1008867,11621,397.667413
SPY,2023-03-01T00:00:00-05:00,395.38,396.675,393.4,394.715,1054008,10160,394.974195
SPY,2023-03-02T00:00:00-05:00,392.69,398.685,392.37,397.83,1345473,14689,395.396432
SPY,2023-03-03T00:00:00-05:00,399.71,404.415,399.035,404.175,1236338,12460,402.53941
SPY,2023-03-06T00:00:00-05:00,405.13,407.44,404.03,404.45,1000217,10766,405.55069
SPY,2023-03-07T00:00:00-05:00,404.415,404.65,397.625,398.29,1385511,14966,399.975906
SPY,2023-03-08T00:00:00-05:00,398.41,399.7,396.62,398.87,1166923,11698,398.064224
SPY,2023-03-09T00:00:00-05:00,399.74,401.46,390.535,391.65,1863803,19689,395.39108
SPY,2023-03-10T00:00:00-05:00,390.98,393.14,384.34,385.885,2663479,25055,387.799602
SPY,2023-03-13T00:00:00-04:00,381.78,390.32,380.69,385.33,2716899,24736,386.288359
SPY,2023-03-14T00:00:00-04:00,390.49,393.41,387.06,391.68,2748577,25291,390.540554
SPY,2023-03-15T00:00:00-04:00,385.72,389.41,383.74,389.29,2281311,22171,386.791871
SPY,2023-03-16T00:00:00-04:00,386.99,396.43,386.3,396.03,1918071,17071,392.903062
SPY,2023-03-17T00:00:00-04:00,393.2,394.29,388.555,390.12,1802218,15988,390.745141
SPY,2023-03-20T00:00:00-04:00,390.82,394.15,390.11,393.58,1518151,16081,392.599416
SPY,2023-03-21T00:00:00-04:00,397.26,399.4,395.59,398.88,1626744,15047,397.370585
SPY,2023-03-22T00:00:00-04:00,398.735,402.48,392.12,392.19,1863383,15557,398.589297
SPY,2023-03-23T00:00:00-04:00,395.08,399.275,390.41,393.29,1692167,16149,395.214528
SPY,2023-03-24T00:00:00-04:00,391.81,395.83,389.4,395.7,1347657,14095,393.051091
SPY,2023-03-27T00:00:00-04:00,398.13,398.87,395.56,396.42,1319918,14312,397.006521
SPY,2023-03-28T00:00:00-04:00,395.74,396.44,393.7,395.695,984276,10882,395.1408
SPY,2023-03-29T00:00:00-04:00,399.93,401.595,398.73,401.33,1505353,16182,400.181346
SPY,2023-03-30T00:00:00-04:00,404.06,404.34,401.76,403.63,1340759,13852,403.184536
SPY,2023-03-31T00:00:00-04:00,404.68,409.67,404.6,409.37,1675630,14776,407.083473
SPY,2023-04-03T00:00:00-04:00,408.87,411.37,408.45,411.01,1488912,14401,409.965041
SPY,2023-04-04T00:00:00-04:00,411.61,411.92,407.26,408.7,1683185,14901,409.107836
SPY,2023-04-05T00:00:00-04:00,407.88,408.61,405.9,407.63,1219176,13497,407.218859
SPY,2023-04-06T00:00:00-04:00,406.77,409.47,405.69,409.22,1496736,14965,408.131202
SPY,2023-04-10T00:00:00-04:00,406.6,409.68,405.985,409.68,1217743,13008,407.791367
SPY,2023-04-11T00:00:00-04:00,410.12,411.16,408.95,409.695,1023249,11292,410.108206
SPY,2023-04-12T00:00:00-04:00,411.92,412.16,407.45,408.04,1275272,13181,409.74144
SPY,2023-04-13T00:00:00-04:00,409.21,413.835,408.72,413.4,1685404,15579,411.87296
SPY,2023-04-14T00:00:00-04:00,412.85,415.09,410.085,412.495,1199080,12242,412.12306
SPY,2023-04-17T00:00:00-04:00,412.38,413.94,411.095,413.94,1127392,10876,412.548882
SPY,2023-04-18T00:00:00-04:00,415.63,415.72,412.79,414.215,1267974,15494,414.065129
SPY,2023-04-19T00:00:00-04:00,412.21,415.06,412.21,414.26,1075031,11245,413.630891
SPY,2023-04-20T00:00:00-04:00,411.18,413.69,410.27,411.835,1364870,11444,411.889081
SPY,2023-04-21T00:00:00-04:00,412.11,412.66,410.24,412.16,937587,10150,411.793184
SPY,2023-04-24T00:00:00-04:00,411.98,413.05,410.62,412.63,1002044,9286,412.034816
SPY,2023-04-25T00:00:00-04:00,410.57,411.14,406.04,406.12,1599541,15209,408.005868
SPY,2023-04-26T00:00:00-04:00,406.75,407.83,403.785,404.37,1650310,16644,405.638654
SPY,2023-04-27T00:00:00-04:00,406.99,412.675,406.75,412.38,1994345,17076,410.198466
SPY,2023-04-28T00:00:00-04:00,411.48,415.925,411.47,415.9,1694498,14287,414.446493
SPY,2023-05-01T00:00:00-04:00,415.48,417.6,415.275,415.56,1060641,11265,416.236188
SPY,2023-05-02T00:00:00-04:00,414.79,414.8,407.82,410.825,1700866,15259,410.556187
SPY,2023-05-03T00:00:00-04:00,411.38,413.84,407.79,407.96,1080213,10326,410.865958
SPY,2023-05-04T00:00:00-04:00,406.92,407.165,403.75,404.965,1700198,14807,405.358252
SPY,2023-05-05T00:00:00-04:00,408.76,413.7,408.65,412.68,1547470,13933,411.581136
SPY,2023-05-08T00:00:00-04:00,412.96,413.22,411.285,412.8,926139,9992,412.503606
SPY,2023-05-09T00:00:00-04:00,411.15,412.07,410.72,410.94,842492,9476,411.324893
SPY,2023-05-10T00:00:00-04:00,413.88,414.51,408.88,412.68,1426892,13850,411.907208
SPY,2023-05-11T00:00:00-04:00,411.965,412.39,409.97,412.08,988495,8951,411.265833
SPY,2023-05-12T00:00:00-04:00,413.43,413.63,409.11,411.61,999381,8713,410.89378
SPY,2023-05-15T00:00:00-04:00,412.27,413.39,410.26,413.02,813583,8458,412.01462
SPY,2023-05-16T00:00:00-04:00,411.85,412.78,410.25,410.28,1008235,9289,411.489139
SPY,2023-05-17T00:00:00-04:00,412.34,415.84,410.65,415.14,1343616,12506,414.033074
SPY,2023-05-18T00:00:00-04:00,414.96,419.66,414.7,419.215,1147069,10871,417.201271
SPY,2023-05-19T00:00:00-04:00,420.2,420.71,417.355,418.58,1158018,10308,418.946408
SPY,2023-05-22T00:00:00-04:00,418.8,420.37,417.37,418.77,925017,8576,419.142206
SPY,2023-05-23T00:00:00-04:00,417.09,418.06,413.685,414.135,1111986,11175,415.815852
SPY,2023-05-24T00:00:00-04:00,412.41,412.78,409.895,410.985,1204304,11157,411.029899
SPY,2023-05-25T00:00:00-04:00,414.74,416.07,412.43,414.62,1534315,12651,414.224823
SPY,2023-05-26T00:00:00-04:00,415.33,420.76,415.28,419.96,1594225,14236,419.298841
SPY,2023-05-30T00:00:00-04:00,422.03,422.575,418.76,420.135,1165756,10500,420.553836
SPY,2023-05-31T00:00:00-04:00,418.26,419.19,416.23,417.86,1585308,12847,417.69383
SPY,2023-06-01T00:00:00-04:00,418.205,422.92,416.855,421.79,1280781,12564,420.701257
SPY,2023-06-02T00:00:00-04:00,424.58,428.73,423.98,427.735,1485046,14856,427.233539
SPY,2023-06-05T00:00:00-04:00,428.22,429.67,426.38,427.1,1042292,9298,428.071805
SPY,2023-06-06T00:00:00-04:00,426.67,428.56,426.035,428.03,1132909,11370,427.532158
SPY,2023-06-07T00:00:00-04:00,428.46,429.6,426.13,426.57,1513065,12433,427.338988
SPY,2023-06-08T00:00:00-04:00,426.565,429.57,425.855,429.17,959745,9324,428.280706
SPY,2023-06-09T00:00:00-04:00,430.08,431.99,428.885,429.99,980638,8933,430.383353
SPY,2023-06-12T00:00:00-04:00,430.925,433.855,430.17,433.82,872286,8910,431.996146
SPY,2023-06-13T00:00:00-04:00,435.41,437.32,434.68,436.67,1434752,12166,436.356502
SPY,2023-06-14T00:00:00-04:00,437.1,439.03,433.655,437.14,1154840,9237,436.623495
SPY,2023-06-15T00:00:00-04:00,436.38,443.88,436.28,442.59,1762275,13512,441.098083
SPY,2023-06-16T00:00:00-04:00,443.11,443.11,438.98,439.28,1108906,10110,440.942685
SPY,2023-06-20T00:00:00-04:00,437.43,438.36,435.03,437.24,1191787,11064,436.994298
SPY,2023-06-21T00:00:00-04:00,436.2,436.97,434.37,434.85,1178565,8745,435.464099
SPY,2023-06-22T00:00:00-04:00,433.99,436.62,433.64,436.57,870482,8750,435.301569
SPY,2023-06-23T00:00:00-04:00,432.96,435.05,432.5,433.16,1161180,10825,433.523681
SPY,2023-06-26T00:00:00-04:00,432.64,434.55,431.205,431.4,1025359,9720,432.646608
SPY,2023-06-27T00:00:00-04:00,432.39,436.8,431.915,436.14,1114166,10174,435.119355
SPY,2023-06-28T00:00:00-04:00,435.09,437.42,434.41,436.34,934658,8053,435.614623
SPY,2023-06-29T00:00:00-04:00,435.94,438.265,435.62,438.14,762559,8443,437.300117
SPY,2023-06-30T00:00:00-04:00,441.44,444.22,441.18,443.22,1112022,8831,443.22616
SPY,2023-07-03T00:00:00-04:00,442.94,444.07,442.65,443.89,370605,5051,443.60843
SPY,2023-07-05T00:00:00-04:00,441.93,443.87,441.91,443.14,673063,7625,443.295883
SPY,2023-07-06T00:00:00-04:00,439.39,440.07,437.07,439.69,1061407,10275,438.643062
SPY,2023-07-07T00:00:00-04:00,438.63,442.64,438.305,438.52,1211901,10432,440.61638
SPY,2023-07-10T00:00:00-04:00,438.19,439.825,437.59,439.65,906011,8434,438.896857
SPY,2023-07-11T00:00:00-04:00,440.455,442.94,439.45,442.5,759246,9722,441.19109
SPY,2023-07-12T00:00:00-04:00,446.42,447.465,444.91,446,1025074,9239,446.24143
SPY,2023-07-13T00:00:00-04:00,447.895,450.375,447.485,449.61,1121925,10976,448.919647
SPY,2023-07-14T00:00:00-04:00,450.6,451.35,448.58,449.33,827887,8850,449.872285
SPY,2023-07-17T00:00:00-04:00,449.13,451.92,449.13,450.86,757125,7166,450.597287
SPY,2023-07-18T00:00:00-04:00,450.53,454.845,450.1,454.22,1195584,10919,453.156001
SPY,2023-07-19T00:00:00-04:00,455.22,456.425,454.4,455.05,911992,9248,455.48622
SPY,2023-07-20T00:00:00-04:00,454.16,455.08,451.46,452.26,1078576,10436,453.319007
SPY,2023-07-21T00:00:00-04:00,453.93,454.14,452.18,452.2,912338,9567,453.063994
SPY,2023-07-24T00:00:00-04:00,453.38,455.01,452.75,454.19,745375,7914,454.081123
SPY,2023-07-25T00:00:00-04:00,453.95,456.71,453.915,455.36,790450,9710,455.472826
SPY,2023-07-26T00:00:00-04:00,454.5,456.9,453.41,455.505,916421,9096,454.815909
SPY,2023-07-27T00:00:00-04:00,459.08,459.44,451.58,452.5,1436841,12615,455.623687
SPY,2023-07-28T00:00:00-04:00,455.775,457.78,455.12,456.91,1279542,12408,456.697435
SPY,2023-07-31T00:00:00-04:00,457.41,458.11,456.07,457.81,818144,9342,457.03461
SPY,2023-08-01T00:00:00-04:00,456.32,457.19,455.505,456.44,1033910,11207,456.395853
SPY,2023-08-02T00:00:00-04:00,453.25,453.495,449.36,450.16,1435967,13400,451.139416
SPY,2023-08-03T00:00:00-04:00,448.115,450.79,447.395,448.88,982821,10522,449.168675
SPY,2023-08-04T00:00:00-04:00,450.705,452.885,446.285,446.79,1653131,14064,449.554333
SPY,2023-08-07T00:00:00-04:00,448.69,450.86,448.01,450.68,931786,9516,449.594488
SPY,2023-08-08T00:00:00-04:00,448.03,449.225,445.3,448.86,977244,10254,447.077591
SPY,2023-08-09T00:00:00-04:00,449.03,449.16,444.96,445.74,1094151,10926,447.056642
SPY,2023-08-10T00:00:00-04:00,448.195,451.67,444.73,445.88,1315971,11506,447.750215
SPY,2023-08-11T00:00:00-04:00,443.96,446.67,443.455,445.36,936311,9780,445.226033
SPY,2023-08-14T00:00:00-04:00,444.8,448.1,444.385,448.1,790707,7897,446.707396
SPY,2023-08-15T00:00:00-04:00,446.29,446.605,442.32,442.93,1083858,10470,443.918672
SPY,2023-08-16T00:00:00-04:00,442.47,444.17,439.54,439.62,1044477,10289,441.566912
SPY,2023-08-17T00:00:00-04:00,441.1,441.375,435.75,436.26,1138844,11122,438.440146
SPY,2023-08-18T00:00:00-04:00,433.27,437.55,433.07,436.39,1189686,10567,435.563327
SPY,2023-08-21T00:00:00-04:00,437.51,440.105,435.33,439.32,1178587,10116,438.113517
SPY,2023-08-22T00:00:00-04:00,441.115,441.12,437.6,438.11,700106,7034,438.889517
SPY,2023-08-23T00:00:00-04:00,439.25,443.63,439.11,442.98,931675,8727,442.219752
SPY,2023-08-24T00:00:00-04:00,444.85,445.2,436.855,436.92,1448843,11310,439.766925
SPY,2023-08-25T00:00:00-04:00,438.6,441.26,435.01,439.98,1182497,10571,438.644132
SPY,2023-08-28T00:00:00-04:00,442.32,443.375,440.875,442.78,849212,8401,442.087239
SPY,2023-08-29T00:00:00-04:00,442.705,449.43,442.485,449.19,1488379,11948,447.61562
SPY,2023-08-30T00:00:00-04:00,449.51,451.66,448.81,450.96,1136740,10163,450.727992
SPY,2023-08-31T00:00:00-04:00,451.65,452.82,450.18,450.2,1232403,13603,451.46731
SPY,2023-09-01T00:00:00-04:00,453.17,453.66,449.69,451.18,802509,7458,451.103329
SPY,2023-09-05T00:00:00-04:00,450.68,451.045,449.185,449.26,1242430,11809,450.023428
SPY,2023-09-06T00:00:00-04:00,448.43,448.49,443.825,446.24,1609327,13513,445.78515
SPY,2023-09-07T00:00:00-04:00,443.06,445.52,442.76,444.88,1269234,11555,444.462808
SPY,2023-09-08T00:00:00-04:00,444.89,447.1,444.53,445.58,1079293,10336,445.749096
SPY,2023-09-11T00:00:00-04:00,448.29,448.77,446.5,448.54,1062788,11023,447.839963
SPY,2023-09-12T00:00:00-04:00,446.91,448.46,445.39,446.01,1282523,11354,446.681657
SPY,2023-09-13T00:00:00-04:00,446.1,447.68,445.08,446.46,1021666,9198,446.583817
SPY,2023-09-14T00:00:00-04:00,449.08,451.06,447.72,450.4,1294030,11776,449.895849
SPY,2023-09-15T00:00:00-04:00,447.245,447.42,443.02,443.305,2127873,16601,444.438466
SPY,2023-09-18T00:00:00-04:00,443.04,444.965,442.57,443.63,934550,9194,443.811236
SPY,2023-09-19T00:00:00-04:00,442.78,443.22,439.97,442.62,1070394,9669,441.737185
SPY,2023-09-20T00:00:00-04:00,443.98,444.435,438.43,438.52,1090190,9653,441.833555
SPY,2023-09-21T00:00:00-04:00,435.71,435.94,431.25,431.3,1755895,16036,433.639006
SPY,2023-09-22T00:00:00-04:00,432.48,434.06,430.01,430.28,1192890,10779,432.049879
SPY,2023-09-25T00:00:00-04:00,429.13,432.25,428.745,432.23,838426,8558,430.810377
SPY,2023-09-26T00:00:00-04:00,429.1,429.81,425.035,425.84,1533865,13565,426.812144
SPY,2023-09-27T00:00:00-04:00,427.08,427.615,422.31,425.925,1627458,12754,425.23102
SPY,2023-09-28T00:00:00-04:00,425.56,430.24,424.87,428.51,1218814,12142,428.133518
SPY,2023-09-29T00:00:00-04:00,431.69,431.82,425.94,427.3,1853531,13393,428.140328
SPY,2023-10-02T00:00:00-04:00,426.6,428.58,424.49,427.36,1136854,11713,426.305926
SPY,2023-10-03T00:00:00-04:00,425.2,426.635,420.2,421.68,1419038,11914,421.965246
SPY,2023-10-04T00:00:00-04:00,422.07,425.405,420.57,424.705,1386577,11514,423.065792
SPY,2023-10-05T00:00:00-04:00,424.42,425.37,421.21,424.31,1030251,8313,423.543613
SPY,2023-10-06T00:00:00-04:00,422.165,431.11,420.6,429.44,1659220,12251,427.33989
SPY,2023-10-09T00:00:00-04:00,427.49,432.86,427.04,432.24,899989,8216,430.253701
SPY,2023-10-10T00:00:00-04:00,433.02,437.205,432.53,434.47,1484259,11512,435.101267
SPY,2023-10-11T00:00:00-04:00,435.68,436.57,433.18,436.33,871580,8299,435.093217
SPY,2023-10-12T00:00:00-04:00,436.86,437.32,431.24,433.68,1368679,9888,433.86534
SPY,2023-10-13T00:00:00-04:00,435.26,436.39,429.9,431.625,1607990,11067,432.037295
SPY,2023-10-16T00:00:00-04:00,433.81,437.115,433.57,436.04,1328669,11167,435.895098
SPY,2023-10-17T00:00:00-04:00,432.77,438.13,432.48,436.11,1203633,9477,435.462772
SPY,2023-10-18T00:00:00-04:00,434.05,435.115,429.09,430.24,1357315,10500,431.83497
SPY,2023-10-19T00:00:00-04:00,430.89,432.82,425.74,426.43,1559608,11176,428.887113
SPY,2023-10-20T00:00:00-04:00,425.89,426.48,421.08,421.25,1939948,13239,422.832077
SPY,2023-10-23T00:00:00-04:00,419.54,424.45,417.82,420.52,1325831,12379,421.528992
SPY,2023-10-24T00:00:00-04:00,422.69,424.81,420.74,423.56,1114518,9569,423.173975
SPY,2023-10-25T00:00:00-04:00,421.91,421.91,417.03,417.62,1306827,13261,418.898728
SPY,2023-10-26T00:00:00-04:00,416.46,417.29,411.71,412.6,2260803,14677,414.124279
SPY,2023-10-27T00:00:00-04:00,414.385,414.57,409.24,410.76,1810349,14357,411.014556
SPY,2023-10-30T00:00:00-04:00,413.56,416.67,412.27,415.64,1450213,12576,415.021173
SPY,2023-10-31T00:00:00-04:00,416.17,418.5,414.21,418.18,1403280,11854,417.191216
SPY,2023-11-01T00:00:00-04:00,419.285,423.485,418.68,422.66,1521992,12851,421.096835
SPY,2023-11-02T00:00:00-04:00,426.6,430.91,426.6,430.69,1370443,13935,429.459299
SPY,2023-11-03T00:00:00-04:00,433.135,436.29,433.11,434.72,1452655,12916,434.990001
SPY,2023-11-06T00:00:00-05:00,435.48,436.14,433.71,435.69,1260585,11269,435.081134
SPY,2023-11-07T00:00:00-05:00,435.66,437.58,434.51,436.89,1139427,12015,436.701652
SPY,2023-11-08T00:00:00-05:00,437.5,438.09,434.895,437.43,938576,8956,436.891127
SPY,2023-11-09T00:00:00-05:00,438.38,438.47,433.41,433.88,1103998,10247,435.52617
SPY,2023-11-10T00:00:00-05:00,435.99,440.92,434.45,440.72,1796559,13075,438.805045
SPY,2023-11-13T00:00:00-05:00,439.21,441.325,438.445,440.17,1119503,10945,440.144564
SPY,2023-11-14T00:00:00-05:00,446.35,450.05,446.13,448.66,2091007,16730,448.787494
SPY,2023-11-15T00:00:00-05:00,450.28,451.38,448.82,449.69,1593220,12462,450.112512
SPY,2023-11-16T00:00:00-05:00,449.225,450.51,448.18,450.25,1360772,11304,449.565408
SPY,2023-11-17T00:00:00-05:00,450.23,451.395,449.31,450.74,1080958,11727,450.510449
SPY,2023-11-20T00:00:00-05:00,450.63,455.1,450.57,454.26,1608190,13164,453.504205
SPY,2023-11-21T00:00:00-05:00,453.235,453.62,451.97,453.28,1105748,10378,452.979556
SPY,2023-11-22T00:00:00-05:00,454.995,456.33,453.93,455,1146131,10451,455.100041
SPY,2023-11-24T00:00:00-05:00,455.08,455.42,454.75,455.26,425092,4648,455.058479
SPY,2023-11-27T00:00:00-05:00,454.69,455.49,454.09,454.515,1009412,10289,454.805868
SPY,2023-11-28T00:00:00-05:00,454.02,456.26,453.51,454.87,1065276,10655,454.804314
SPY,2023-11-29T00:00:00-05:00,457.13,458.31,454.21,454.66,1583960,11918,455.690664
SPY,2023-11-30T00:00:00-05:00,455.45,456.75,453.385,456.28,1601972,12099,455.132518
SPY,2023-12-01T00:00:00-05:00,455.68,459.63,455.16,458.99,1728551,15054,458.077678
SPY,2023-12-04T00:00:00-05:00,455.54,456.93,454.395,456.59,1613164,14037,455.865875
SPY,2023-12-05T00:00:00-05:00,455.22,457.57,454.88,456.58,1533281,12248,456.277631
SPY,2023-12-06T00:00:00-05:00,458.76,458.82,454.365,454.74,1492618,12014,456.172466
SPY,2023-12-07T00:00:00-05:00,456.91,458.88,456.315,458.21,1573965,12784,457.923397
SPY,2023-12-08T00:00:00-05:00,457.47,460.72,457.23,460.15,1645376,11843,459.592113
SPY,2023-12-11T00:00:00-05:00,459.69,462.16,459.47,461.96,1726740,16330,461.081383
SPY,2023-12-12T00:00:00-05:00,461.57,464.2,460.61,464.2,1549133,15268,462.968992
SPY,2023-12-13T00:00:00-05:00,464.45,470.72,464.12,470.54,2119988,17564,466.977095
SPY,2023-12-14T00:00:00-05:00,472.555,473.72,469.28,472.03,2630046,18405,471.74975
SPY,2023-12-15T00:00:00-05:00,469.41,470.66,468.44,469.35,2678285,18469,469.453814
SPY,2023-12-18T00:00:00-05:00,470.95,472.94,470.8,472.01,1626415,14960,472.053507
SPY,2023-12-19T00:00:00-05:00,472.5,474.91,472.475,474.78,1262970,12416,473.972145
SPY,2023-12-20T00:00:00-05:00,473.89,475.89,467.84,468.06,2056789,16121,472.315741
SPY,2023-12-21T00:00:00-05:00,471.32,472.97,468.86,472.68,1759812,13830,471.38627
SPY,2023-12-22T00:00:00-05:00,473.9,475.37,471.73,473.67,1441165,13466,474.080479
SPY,2023-12-26T00:00:00-05:00,474.08,476.52,474,475.63,1050923,9359,475.346779
SPY,2023-12-27T00:00:00-05:00,475.49,476.65,474.95,476.56,1045120,9744,475.720529
SPY,2023-12-28T00:00:00-05:00,476.885,477.515,476.26,476.71,1105732,8420,476.814441
SPY,2023-12-29T00:00:00-05:00,476.43,477.01,473.35,475.36,4791892,24253,475.34254
SPY,2024-01-02T00:00:00-05:00,472.15,473.64,470.49,472.66,1982936,13820,471.923656
SPY,2024-01-03T00:00:00-05:00,470.46,471.175,468.17,468.76,1590343,12822,469.656446
SPY,2024-01-04T00:00:00-05:00,468.21,470.95,467.05,467.34,1800797,12702,468.547952
SPY,2024-01-05T00:00:00-05:00,467.345,470.41,466.46,467.86,1412989,10476,468.213059
SPY,2024-01-08T00:00:00-05:00,468.49,474.74,468.38,474.53,1804664,13401,472.231418
SPY,2024-01-09T00:00:00-05:00,471.94,474.895,471.38,473.85,1027653,9560,473.366237
SPY,2024-01-10T00:00:00-05:00,474.17,477.44,473.87,476.52,1072022,11180,475.697013
SPY,2024-01-11T00:00:00-05:00,477.55,478.08,472.27,476.37,1203593,9515,475.348363
SPY,2024-01-12T00:00:00-05:00,477.8,478.58,475.24,476.65,1035875,10992,476.572278
SPY,2024-01-16T00:00:00-05:00,475.28,476.6,473.075,474.85,1880438,12034,474.418555
SPY,2024-01-17T00:00:00-05:00,471.81,472.78,469.875,472.28,1228548,12010,471.609031
SPY,2024-01-18T00:00:00-05:00,474.11,477.02,472.43,476.5,1253996,11641,474.766018
SPY,2024-01-19T00:00:00-05:00,477.63,482.69,476.96,482.48,1259826,11654,480.405273
SPY,2024-01-22T00:00:00-05:00,484.005,485.22,482.825,483.45,1009769,10771,483.975159
SPY,2024-01-23T00:00:00-05:00,484.02,485.1,482.905,484.82,912754,8772,484.055171
SPY,2024-01-24T00:00:00-05:00,487.81,488.77,485.02,485.42,1099865,10679,487.037387
SPY,2024-01-25T00:00:00-05:00,487.48,488.295,485.39,488.02,1336392,10308,487.192415
SPY,2024-01-26T00:00:00-05:00,487.535,489.11,486.61,487.47,966297,10134,487.743216
SPY,2024-01-29T00:00:00-05:00,487.7,491.41,487.17,491.25,933376,10629,489.004238
SPY,2024-01-30T00:00:00-05:00,490.67,491.59,490.14,490.9,856429,10725,490.937553
SPY,2024-01-31T00:00:00-05:00,488.44,489.08,482.955,482.955,1912371,13612,485.740471
SPY,2024-02-01T00:00:00-05:00,484.73,489.22,483.8,489.22,1648140,12764,487.202054
SPY,2024-02-02T00:00:00-05:00,489.66,496.04,489.34,494.29,1267077,11890,493.143008
SPY,2024-02-05T00:00:00-05:00,493.69,494.12,490.32,492.555,1002851,11029,492.561184
SPY,2024-02-06T00:00:00-05:00,493.52,494.315,492.08,493.99,779463,7965,493.008892
SPY,2024-02-07T00:00:00-05:00,496.275,498.53,495.38,498.03,1233471,11049,497.493948
SPY,2024-02-08T00:00:00-05:00,498.16,498.69,497.31,498.47,860289,9408,498.030255
SPY,2024-02-09T00:00:00-05:00,498.85,501.65,498.53,501.09,1113952,11752,500.339487
SPY,2024-02-12T00:00:00-05:00,501.23,503.49,500.24,500.99,965643,10162,501.736965
SPY,2024-02-13T00:00:00-05:00,494.335,495.85,490.715,494.16,2319364,18604,493.068918
SPY,2024-02-14T00:00:00-05:00,496.78,499.065,494.425,498.62,1543742,11849,496.99965
SPY,2024-02-15T00:00:00-05:00,499.3,502.19,498.8,501.97,1003136,11695,500.787537
SPY,2024-02-16T00:00:00-05:00,501.715,502.85,498.98,499.57,1077734,10356,500.984264
SPY,2024-02-20T00:00:00-05:00,497.735,498.36,494.5,496.745,1354728,12279,496.149154
SPY,2024-02-21T00:00:00-05:00,495.355,497.37,493.57,497.24,879558,8690,495.322389
SPY,2024-02-22T00:00:00-05:00,504.02,508.485,503.02,507.48,1707191,15324,506.67913
SPY,2024-02-23T00:00:00-05:00,509.26,510.1,507.1,507.82,1162330,11848,508.576856
SPY,2024-02-26T00:00:00-05:00,508.29,508.73,505.86,505.86,871019,9768,507.143258
SPY,2024-02-27T00:00:00-05:00,506.7,507.15,504.86,506.95,661238,9674,506.090328
SPY,2024-02-28T00:00:00-05:00,505.355,506.855,504.98,506.13,1070216,10265,505.945362
SPY,2024-02-29T00:00:00-05:00,508.065,509.74,505.405,508.15,1115835,10485,508.004602
SPY,2024-03-01T00:00:00-05:00,508.975,513.27,508.6,512.93,1239371,13950,511.677205
SPY,2024-03-04T00:00:00-05:00,512.19,514.17,512,512.34,1196469,10602,512.744439
SPY,2024-03-05T00:00:00-05:00,510.225,510.7,504.92,507.12,1569486,11822,506.85853
SPY,2024-03-06T00:00:00-05:00,510.64,512.05,508.47,509.73,815242,9433,510.243585
SPY,2024-03-07T00:00:00-05:00,513.14,515.86,512.27,515.12,757973,8943,514.611056
SPY,2024-03-08T00:00:00-05:00,515.51,518.18,511.135,511.72,1006823,9180,513.999052
SPY,2024-03-11T00:00:00-04:00,510.395,511.83,508.53,511.26,700316,8206,510.514721
SPY,2024-03-12T00:00:00-04:00,513.43,517.37,510.865,516.77,1093781,10154,515.379252
SPY,2024-03-13T00:00:00-04:00,517.04,517.26,514.52,515.97,703671,8836,516.248633
SPY,2024-03-14T00:00:00-04:00,516.96,517.12,511.82,514.86,1294366,12165,513.906806
SPY,2024-03-15T00:00:00-04:00,510.07,511.665,508.37,509.83,943977,11648,509.784482
SPY,2024-03-18T00:00:00-04:00,513.26,515.43,512.45,512.9,933941,9890,513.837567
SPY,2024-03-19T00:00:00-04:00,512.155,515.98,511.16,515.79,698881,9337,513.957344
SPY,2024-03-20T00:00:00-04:00,515.765,520.565,515.13,520.52,986352,11155,517.805663
SPY,2024-03-21T00:00:00-04:00,523.49,524.1,521.94,522.08,817329,12586,523.132588
SPY,2024-03-22T00:00:00-04:00,522.14,522.59,520.98,521.4,736691,11258,521.833956
SPY,2024-03-25T00:00:00-04:00,519.785,520.93,519.63,519.88,719998,9539,520.388992
SPY,2024-03-26T00:00:00-04:00,521.14,521.56,518.45,518.72,856545,9308,520.302604
SPY,2024-03-27T00:00:00-04:00,521.72,523.11,519.485,523.08,872582,9527,520.96525
SPY,2024-03-28T00:00:00-04:00,523.25,524.6,522.78,523.135,1017125,9999,523.619763
SPY,2024-04-01T00:00:00-04:00,523.71,524.37,521.005,522.21,714088,8874,522.441662
SPY,2024-04-02T00:00:00-04:00,518.13,518.965,516.51,518.9,815648,9657,517.893794
SPY,2024-04-03T00:00:00-04:00,517.705,520.935,517.67,519.54,634103,8370,519.798728
SPY,2024-04-04T00:00:00-04:00,523.63,523.85,512.76,513.12,1038338,11181,517.880708
SPY,2024-04-05T00:00:00-04:00,514.07,520.41,514.05,518.54,854635,7526,517.981894
SPY,2024-04-08T00:00:00-04:00,519.24,520.14,517.95,518.65,475966,6562,518.970579
SPY,2024-04-09T00:00:00-04:00,520.555,520.675,514.355,519.34,689958,7052,517.028404
SPY,2024-04-10T00:00:00-04:00,513.43,516.135,512.09,514.195,900552,10302,513.971684
SPY,2024-04-11T00:00:00-04:00,515.68,519.48,512.13,518.05,769777,8339,516.686385
SPY,2024-04-12T00:00:00-04:00,514.38,515.75,509.16,510.88,1054092,11492,511.462078
SPY,2024-04-15T00:00:00-04:00,515.21,515.3,503.595,504.52,1127351,11968,508.750183
SPY,2024-04-16T00:00:00-04:00,504.81,506.49,502.26,503.41,880401,10975,504.24646
SPY,2024-04-17T00:00:00-04:00,506.08,506.2,499.12,500.52,833510,9993,502.010218
SPY,2024-04-18T00:00:00-04:00,501.85,504.1,498.57,499.42,745224,8605,500.865351
SPY,2024-04-19T00:00:00-04:00,499.44,500.45,493.87,495.185,1039006,9533,496.979368
SPY,2024-04-22T00:00:00-04:00,497.85,502.36,495.45,499.54,809102,10252,498.885234
SPY,2024-04-23T00:00:00-04:00,501.86,506.05,501.255,505.5,725640,8686,504.592071
SPY,2024-04-24T00:00:00-04:00,506.54,507.34,503.135,505.66,547706,6557,505.376046
SPY,2024-04-25T00:00:00-04:00,499.1,504.25,497.54,503.53,904077,9130,500.70525
SPY,2024-04-26T00:00:00-04:00,506.42,509.88,505.75,508.195,585586,7806,508.514762
SPY,2024-04-29T00:00:00-04:00,510.26,510.735,507.34,510.07,452174,5652,509.458309
SPY,2024-04-30T00:00:00-04:00,508.33,509.52,502.07,502.26,745133,9620,505.828633
SPY,2024-05-01T00:00:00-04:00,501.38,508.17,499.89,500.11,955301,8768,502.340416
SPY,2024-05-02T00:00:00-04:00,504.155,505.86,499.6,505.03,523585,6128,503.627361
SPY,2024-05-03T00:00:00-04:00,511.16,512.54,508.595,511.25,753740,8714,510.911453
SPY,2024-05-06T00:00:00-04:00,513.775,516.59,513.3,516.54,821251,11145,514.810752
SPY,2024-05-07T00:00:00-04:00,517.55,518.56,516.47,517.255,860251,9188,517.566292
SPY,2024-05-08T00:00:00-04:00,515.625,517.69,515.33,517.2,446623,5166,517.026591
SPY,2024-05-09T00:00:00-04:00,517.435,520.195,516.715,520.16,795874,7214,519.146958
SPY,2024-05-10T00:00:00-04:00,521.8,522.62,519.67,520.81,696594,8472,521.010335
SPY,2024-05-13T00:00:00-04:00,522.615,522.615,519.77,520.925,565826,6999,521.103129
SPY,2024-05-14T00:00:00-04:00,521.185,523.83,520.615,523.275,714836,6851,522.279787
SPY,2024-05-15T00:00:00-04:00,525.77,530.07,525.22,529.8,869966,8491,528.452649
SPY,2024-05-16T00:00:00-04:00,529.88,531.445,528.55,528.83,672098,6727,529.932199
SPY,2024-05-17T00:00:00-04:00,528.93,529.51,527.395,529.51,668182,5921,528.970401
SPY,2024-05-20T00:00:00-04:00,529.56,531.56,529.17,530.05,722515,6462,530.275164
SPY,2024-05-21T00:00:00-04:00,529.31,531.5,529.15,531.34,634889,6538,530.550214
SPY,2024-05-22T00:00:00-04:00,530.71,531.34,527.6,529.8,540069,5143,529.770338
SPY,2024-05-23T00:00:00-04:00,532.96,533.04,524.78,525.96,837318,6960,528.293127
SPY,2024-05-24T00:00:00-04:00,527.87,530.24,526.89,529.46,652720,5599,528.926177
SPY,2024-05-28T00:00:00-04:00,530.32,530.51,527.11,529.88,743236,8020,529.243497
SPY,2024-05-29T00:00:00-04:00,525.63,527.3,525.435,526.12,746282,6737,526.304217
SPY,2024-05-30T00:00:00-04:00,524.31,525.2,521.345,522.65,825534,8155,523.413679
SPY,2024-05-31T00:00:00-04:00,523.63,527.45,518.44,527.335,1409524,7544,523.943444
SPY,2024-06-03T00:00:00-04:00,529.05,529.15,522.695,527.77,591461,5360,526.818079
SPY,2024-06-04T00:00:00-04:00,526.545,529.125,524.97,528.35,566637,5715,526.9599
SPY,2024-06-05T00:00:00-04:00,530.79,534.665,528.84,534.65,842379,8644,532.274001
SPY,2024-06-06T00:00:00-04:00,534.9,535.405,532.7,534.63,658256,6670,534.328983
SPY,2024-06-07T00:00:00-04:00,533.3,536.86,532.56,534.01,625522,6463,534.897116
SPY,2024-06-10T00:00:00-04:00,533.25,535.94,532.615,535.705,837823,6619,534.774286
SPY,2024-06-11T00:00:00-04:00,534.08,537.01,532.125,537.01,492135,8963,534.646427
SPY,2024-06-12T00:00:00-04:00,541.625,544.03,540.36,541.28,866073,9219,542.371259
SPY,2024-06-13T00:00:00-04:00,543.12,543.3,539.71,542.35,632544,8225,541.951625
SPY,2024-06-14T00:00:00-04:00,540.89,542.79,539.87,542.79,609688,6448,541.575829
SPY,2024-06-17T00:00:00-04:00,542.075,548.41,541.61,547.05,712017,8030,545.857116
SPY,2024-06-18T00:00:00-04:00,547.14,548.54,546.755,548.48,566922,9292,547.930135
SPY,2024-06-20T00:00:00-04:00,549.425,550.11,545.23,547.03,918152,10386,547.461215
SPY,2024-06-21T00:00:00-04:00,544.36,545.63,543.05,544.09,1055859,9804,544.448497
SPY,2024-06-24T00:00:00-04:00,544.37,546.94,542.65,542.71,792068,6959,544.655647
SPY,2024-06-25T00:00:00-04:00,543.77,545.2,542.505,544.775,414830,5109,544.30282
SPY,2024-06-26T00:00:00-04:00,543.635,546.22,543.21,545.585,341132,4336,544.794282
SPY,2024-06-27T00:00:00-04:00,545.55,546.805,544.635,546.37,375022,4802,545.784329
SPY,2024-06-28T00:00:00-04:00,547.105,550.26,543.015,544.11,1011331,8274,546.478026
SPY,2024-07-01T00:00:00-04:00,545.54,545.87,542.53,545.2,704770,6235,544.755611
SPY,2024-07-02T00:00:00-04:00,543.74,548.97,543.685,548.97,365169,5532,547.162376
SPY,2024-07-03T00:00:00-04:00,548.84,551.825,548.83,551.24,557810,6712,550.416806
SPY,2024-07-05T00:00:00-04:00,551.77,555.045,551.28,554.725,438956,5833,553.752247
SPY,2024-07-08T00:00:00-04:00,555.35,556.23,554.25,555.245,516316,7778,555.138286
SPY,2024-07-09T00:00:00-04:00,556.355,557.125,555.54,555.87,403756,5292,556.099075
SPY,2024-07-10T00:00:00-04:00,557.13,561.665,556.795,561.24,566521,5946,559.48764
SPY,2024-07-11T00:00:00-04:00,561.43,562.3,555.85,556.42,902603,10385,557.962106
SPY,2024-07-12T00:00:00-04:00,557.61,563.64,557.17,559.91,672739,7861,560.682646
SPY,2024-07-15T00:00:00-04:00,562.18,564.755,559.64,561.52,583915,5650,562.03905
SPY,2024-07-16T00:00:00-04:00,562.96,565.145,562.12,564.83,506481,6629,563.739645
SPY,2024-07-17T00:00:00-04:00,559.01,560.48,556.62,557.065,982486,10188,558.060354
SPY,2024-07-18T00:00:00-04:00,558.61,559.5,550.555,552.8,912544,9201,554.574244
SPY,2024-07-19T00:00:00-04:00,552.375,553.99,547.955,548.94,1017532,9352,549.791473
SPY,2024-07-22T00:00:00-04:00,552.97,555.26,551.17,554.65,573487,6458,553.617686
SPY,2024-07-23T00:00:00-04:00,554.685,556.605,553.295,553.69,372009,4133,555.088038
SPY,2024-07-24T00:00:00-04:00,548.8,549.17,540.445,541.21,1116332,8967,543.636609
SPY,2024-07-25T00:00:00-04:00,541.32,547.445,537.455,538.39,1014214,11043,541.591299
SPY,2024-07-26T00:00:00-04:00,542.37,547.18,541.49,544.345,678034,6370,543.818921
SPY,2024-07-29T00:00:00-04:00,546.17,547.05,542.96,544.91,551816,6362,545.277089
SPY,2024-07-30T00:00:00-04:00,546.25,547.33,538.54,541.97,744722,9748,542.360912
SPY,2024-07-31T00:00:00-04:00,549.16,553.43,547.635,550.37,993224,9235,550.552186
SPY,2024-08-01T00:00:00-04:00,552.59,554.8,539.46,543.18,1145235,10917,544.246073
SPY,2024-08-02T00:00:00-04:00,535.75,536.92,528.6,532.92,1236956,11702,531.710732
SPY,2024-08-05T00:00:00-04:00,511.49,523.47,510.305,517.4,1484386,14719,516.908971
SPY,2024-08-06T00:00:00-04:00,519.56,529.665,517.99,522.07,774935,8764,524.442985
SPY,2024-08-07T00:00:00-04:00,528.54,531.565,518.06,518.635,769811,7267,523.390843
SPY,2024-08-08T00:00:00-04:00,523.98,531.29,521.895,530.61,869810,8462,528.694271
SPY,2024-08-09T00:00:00-04:00,529.815,534.45,528.565,532.92,463391,5238,531.765237
SPY,2024-08-12T00:00:00-04:00,534.32,535.68,531.04,533.29,512980,5179,533.222512
SPY,2024-08-13T00:00:00-04:00,536.585,542.28,536.28,541.99,859713,8303,540.044853
SPY,2024-08-14T00:00:00-04:00,542.95,544.94,540.19,543.78,627760,5216,543.10347
SPY,2024-08-15T00:00:00-04:00,549.76,553.34,548.915,552.97,1054828,9596,551.672144
SPY,2024-08-16T00:00:00-04:00,551.36,555.02,551.36,554.22,497168,6423,553.442845
SPY,2024-08-19T00:00:00-04:00,554.75,559.55,553.92,559.49,632519,7783,557.296514
SPY,2024-08-20T00:00:00-04:00,559.16,560.815,557.325,558.65,563025,5890,558.818085
SPY,2024-08-21T00:00:00-04:00,559.765,562.105,558.04,560.64,638108,7003,560.148394
SPY,2024-08-22T00:00:00-04:00,562.56,563.14,555,556.26,847928,7174,557.809175
SPY,2024-08-23T00:00:00-04:00,559.59,563.09,557.36,562.09,698159,7055,560.79432
SPY,2024-08-26T00:00:00-04:00,563.43,563.9,559.06,560.78,712177,9364,561.054464
SPY,2024-08-27T00:00:00-04:00,559.46,562.04,558.33,561.565,474357,6680,560.903613
SPY,2024-08-28T00:00:00-04:00,561.195,561.62,555.09,558.35,626457,9851,558.420335
SPY,2024-08-29T00:00:00-04:00,560.27,563.65,557.21,558.31,673660,6392,560.320397
SPY,2024-08-30T00:00:00-04:00,560.64,564.19,557.185,563.57,944527,7179,560.682591
SPY,2024-09-03T00:00:00-04:00,560.475,560.75,549.54,552.16,812721,11072,554.339723
SPY,2024-09-04T00:00:00-04:00,550.06,554.43,549.47,550.83,857093,13026,551.583387
SPY,2024-09-05T00:00:00-04:00,551,553.75,547.13,549.44,681939,11541,549.971527
SPY,2024-09-06T00:00:00-04:00,550.005,551.57,539.465,540.46,1096849,13464,542.647423
SPY,2024-09-09T00:00:00-04:00,544.68,547.71,542.71,546.44,664187,11028,545.476263
SPY,2024-09-10T00:00:00-04:00,548.365,549.15,543.47,548.76,819534,10519,547.188753
SPY,2024-09-11T00:00:00-04:00,548.69,555.36,539.99,554.23,1231712,12153,547.508371
SPY,2024-09-12T00:00:00-04:00,555.085,559.36,552.81,559.06,940507,10617,557.141337
SPY,2024-09-13T00:00:00-04:00,559.71,563.01,559.46,561.89,756298,9168,561.573312
SPY,2024-09-16T00:00:00-04:00,561.79,563.09,559.94,562.87,488997,8697,561.911383
SPY,2024-09-17T00:00:00-04:00,565.11,566.5,560.795,563.15,756844,9267,563.671058
SPY,2024-09-18T00:00:00-04:00,563.71,568.63,560.88,561.39,654172,9174,563.726851
SPY,2024-09-19T00:00:00-04:00,571.04,572.835,568.125,570.99,1040119,10807,570.939021
SPY,2024-09-20T00:00:00-04:00,567.86,569.29,565.23,568.03,1151421,11464,567.471501
SPY,2024-09-23T00:00:00-04:00,569.27,570.29,568.1,569.6,504547,7499,569.326652
SPY,2024-09-24T00:00:00-04:00,570.48,571.34,567.64,571.24,698992,8196,570.241902
SPY,2024-09-25T00:00:00-04:00,571.145,571.89,568.99,569.985,558329,6951,570.243575
SPY,2024-09-26T00:00:00-04:00,574.58,574.69,569.935,572.17,643492,8013,572.330379
SPY,2024-09-27T00:00:00-04:00,573.5,574.2,570.59,571.4,633680,7980,572.26133
SPY,2024-09-30T00:00:00-04:00,570.505,574.38,568.23,574.045,816468,9337,571.983659
SPY,2024-10-01T00:00:00-04:00,573.435,573.435,566.03,568.61,1049644,10281,568.434605
SPY,2024-10-02T00:00:00-04:00,567.71,569.88,565.27,568.83,397194,4944,568.26691
SPY,2024-10-03T00:00:00-04:00,567.38,569.78,565.49,567.76,751132,9491,567.427234
SPY,2024-10-04T00:00:00-04:00,572.35,573.36,568.2,572.935,677404,8274,570.944972
SPY,2024-10-07T00:00:00-04:00,571.26,571.91,566.69,567.8,622312,7651,569.304905
SPY,2024-10-08T00:00:00-04:00,570.41,573.78,569.55,573.19,654089,8028,571.871177
SPY,2024-10-09T00:00:00-04:00,573.16,577.69,572.6,577.07,564712,7012,575.916873
SPY,2024-10-10T00:00:00-04:00,575.72,577.54,574.51,576.2,623045,6854,575.916122
SPY,2024-10-11T00:00:00-04:00,575.955,580.3,575.955,579.6,521282,6827,579.015141
SPY,2024-10-14T00:00:00-04:00,581.215,585.27,580.73,584.31,592179,6616,583.815566
SPY,2024-10-15T00:00:00-04:00,584.64,584.83,578.55,579.92,820884,9195,581.098735
SPY,2024-10-16T00:00:00-04:00,579.785,582.79,579.01,582.27,439136,5435,580.934094
SPY,2024-10-17T00:00:00-04:00,585.93,586.09,582.16,582.32,565059,7213,583.532015
SPY,2024-10-18T00:00:00-04:00,584.09,585.36,582.64,584.6,538888,7103,584.121722
SPY,2024-10-21T00:00:00-04:00,583.91,584.79,580.68,583.72,561603,7315,582.876245
SPY,2024-10-22T00:00:00-04:00,581.05,584.49,580.44,583.33,354662,5514,582.617483
SPY,2024-10-23T00:00:00-04:00,581.32,581.665,574.48,578.04,752782,10080,578.290833
SPY,2024-10-24T00:00:00-04:00,580.02,580.05,576.62,579.23,663254,9148,578.924044
SPY,2024-10-25T00:00:00-04:00,581.595,584.44,578.14,579.01,773465,8893,580.948708
SPY,2024-10-28T00:00:00-04:00,582.62,582.62,580.54,580.77,643201,8096,581.370016
SPY,2024-10-29T00:00:00-04:00,579.865,582.905,578.435,581.7,802413,9875,581.271934
SPY,2024-10-30T00:00:00-04:00,581.295,583.31,579.33,579.97,844091,9398,580.892137
SPY,2024-10-31T00:00:00-04:00,575.5,575.53,568.46,568.46,1253356,15239,571.597116
SPY,2024-11-01T00:00:00-04:00,571.26,575.5,570.635,571.03,825087,9741,572.52614
SPY,2024-11-04T00:00:00-05:00,571.17,572.49,567.91,569.78,701018,8719,570.388655
SPY,2024-11-05T00:00:00-05:00,570.68,576.7,570.53,576.69,766644,9120,575.068871
SPY,2024-11-06T00:00:00-05:00,589.22,591.93,585.46,591.01,1350029,16676,589.325406
SPY,2024-11-07T00:00:00-05:00,593.21,596.65,593.02,595.75,931015,10900,595.02051
SPY,2024-11-08T00:00:00-05:00,596.26,599.595,596.26,598.25,754842,10090,597.909095
SPY,2024-11-11T00:00:00-05:00,599.91,600.14,597.02,598.81,869569,8777,598.724852
SPY,2024-11-12T00:00:00-05:00,598.65,599.285,594.42,596.915,758918,10156,597.375272
SPY,2024-11-13T00:00:00-05:00,597.41,599.17,595.01,597.22,932260,11022,597.635103
SPY,2024-11-14T00:00:00-05:00,597.38,597.81,592.71,593.42,608776,7257,594.724123
SPY,2024-11-15T00:00:00-05:00,589.72,590.17,583.88,585.74,954365,13600,586.06537
SPY,2024-11-18T00:00:00-05:00,585.95,589.465,585.37,588.21,637963,8422,587.813561
SPY,2024-11-19T00:00:00-05:00,584.74,591.01,584.06,590.19,592020,8611,588.507117
SPY,2024-11-20T00:00:00-05:00,590.44,590.76,584.705,590.49,748523,10458,587.981572
SPY,2024-11-21T00:00:00-05:00,593.4,595.1,587.52,593.665,747147,9180,592.335326
SPY,2024-11-22T00:00:00-05:00,593.69,596.09,593.185,595.5,674357,10554,595.064086
SPY,2024-11-25T00:00:00-05:00,599.49,600.76,595.25,597.49,736572,10607,597.86448
SPY,2024-11-26T00:00:00-05:00,598.815,601.29,598.08,600.725,720718,9804,599.961859
SPY,2024-11-27T00:00:00-05:00,600.5,600.815,597.32,598.68,534416,8580,598.934926
SPY,2024-11-29T00:00:00-05:00,599.64,603.34,599.47,602.49,483126,5721,602.121428
SPY,2024-12-02T00:00:00-05:00,602.995,604.3,602.48,603.67,510225,8140,603.489582
SPY,2024-12-03T00:00:00-05:00,603.45,604.15,602.38,603.87,595330,8042,603.485535
SPY,2024-12-04T00:00:00-05:00,605.74,607.84,604.98,607.62,692429,8718,606.802771
SPY,2024-12-05T00:00:00-05:00,607.655,608.45,606.305,606.69,849183,11237,607.221494
SPY,2024-12-06T00:00:00-05:00,607.47,609.05,607.02,607.89,734753,9259,607.827239
SPY,2024-12-09T00:00:00-05:00,607.59,607.84,604.09,604.65,1070578,10398,605.371314
SPY,2024-12-10T00:00:00-05:00,605.36,605.68,602.16,602.9,866800,10410,603.879523
SPY,2024-12-11T00:00:00-05:00,605.77,608.395,605.58,607.57,731222,10021,607.433845
SPY,2024-12-12T00:00:00-05:00,606.59,607.15,604.39,604.39,758423,9024,605.70334
SPY,2024-12-13T00:00:00-05:00,606.35,607.085,602.83,604.26,696804,10429,604.48319
SPY,2024-12-16T00:00:00-05:00,606,607.775,605.255,606.84,855514,9816,606.935537
SPY,2024-12-17T00:00:00-05:00,604.18,605.16,602.89,604.24,1134815,12802,603.998169
SPY,2024-12-18T00:00:00-05:00,603.975,606.39,585.9,586.395,1561527,15357,596.115167
SPY,2024-12-19T00:00:00-05:00,591.355,593,585.965,586.12,1310529,17050,588.998458
SPY,2024-12-20T00:00:00-05:00,581.77,595.72,580.94,590.93,1741089,17445,590.208456
SPY,2024-12-23T00:00:00-05:00,590.935,591.77,587.76,589.06,94006,1107,590.47386
SPY,2024-12-24T00:00:00-05:00,596.11,601.32,595.51,601.14,349441,4923,599.18079
SPY,2024-12-26T00:00:00-05:00,599.465,602.46,598.13,601.165,479114,5908,600.818308
SPY,2024-12-27T00:00:00-05:00,597.47,597.705,590.83,594.99,1148065,12564,593.966551
SPY,2024-12-30T00:00:00-05:00,587.97,591.71,584.45,588.25,679803,9345,588.200861
SPY,2024-12-31T00:00:00-05:00,589.99,590.62,584.45,586.07,1216032,11009,586.720937
SPY,2025-01-02T00:00:00-05:00,589.39,591.09,580.51,584.62,744108,10471,585.338555
SPY,2025-01-03T00:00:00-05:00,587.54,592.58,586.54,591.94,596181,9316,590.198156
SPY,2025-01-06T00:00:00-05:00,595.955,599.69,593.72,595.42,787134,9678,596.86726
SPY,2025-01-07T00:00:00-05:00,597.435,597.72,586.79,588.73,924580,10646,590.845286
SPY,2025-01-08T00:00:00-05:00,588.68,590.54,585.195,589.34,735512,8774,588.271791
SPY,2025-01-10T00:00:00-05:00,585.87,585.87,578.57,580.49,1016306,12927,581.278629
SPY,2025-01-13T00:00:00-05:00,575.76,581.72,575.48,581.41,717379,9677,578.788526
SPY,2025-01-14T00:00:00-05:00,584.34,584.99,578.4,582.2,911647,10642,581.789394
SPY,2025-01-15T00:00:00-05:00,590.57,593.94,589.25,592.75,1059949,15010,592.173825
SPY,2025-01-16T00:00:00-05:00,594.06,594.34,590.93,591.7,726295,10452,592.757382
SPY,2025-01-17T00:00:00-05:00,596.95,599.345,595.725,597.64,822039,10094,597.87712
SPY,2025-01-21T00:00:00-05:00,600.79,602.97,598.72,602.92,668452,11040,601.614281
SPY,2025-01-22T00:00:00-05:00,605.93,607.82,605.37,606.33,806468,9599,606.829146
SPY,2025-01-23T00:00:00-05:00,605.79,609.63,605.555,609.63,678720,9904,607.499805
SPY,2025-01-24T00:00:00-05:00,609.795,610.77,606.82,607.92,736956,13430,608.738281
SPY,2025-01-27T00:00:00-05:00,594.82,599.64,594.68,599.49,1204513,13859,597.884144
SPY,2025-01-28T00:00:00-05:00,600.71,605.37,597.36,604.5,836062,11514,602.950765
SPY,2025-01-29T00:00:00-05:00,603.715,604.1,599.27,601.82,693842,9463,602.186404
SPY,2025-01-30T00:00:00-05:00,604.035,606.59,600.81,604.78,884764,10275,603.968397
SPY,2025-01-31T00:00:00-05:00,607.5,609.945,601.075,601.785,1086481,14139,605.4861
SPY,2025-02-03T00:00:00-05:00,592.51,600.28,590.49,597.7,1473509,19408,596.297194
SPY,2025-02-04T00:00:00-05:00,597.635,602.26,597.31,601.74,760544,9377,600.798092
SPY,2025-02-05T00:00:00-05:00,600.625,604.36,598.635,604.14,735756,9315,602.046531
SPY,2025-02-06T00:00:00-05:00,605.99,606.42,602.63,606.24,683777,8399,605.185607
SPY,2025-02-07T00:00:00-05:00,606.84,608.095,600.095,600.825,685825,11211,603.230593
SPY,2025-02-10T00:00:00-05:00,604.02,605.49,602.74,604.84,541655,8311,604.437385
SPY,2025-02-11T00:00:00-05:00,602.56,605.85,602.47,605.23,634394,10230,604.469423
SPY,2025-02-12T00:00:00-05:00,599.215,604.53,598.53,603.28,877172,11767,602.330644
SPY,2025-02-13T00:00:00-05:00,604.49,609.93,603.24,609.69,798986,10316,607.455113
SPY,2025-02-14T00:00:00-05:00,609.94,610.98,609.08,609.57,667639,8997,610.149625
SPY,2025-02-18T00:00:00-05:00,610.885,611.36,608.415,611.36,555308,9535,610.035361
SPY,2025-02-19T00:00:00-05:00,610.055,613.22,609.59,612.94,671686,8670,611.642143
SPY,2025-02-20T00:00:00-05:00,611.54,611.64,607.07,610.41,733951,9270,609.105819
SPY,2025-02-21T00:00:00-05:00,610.21,610.21,599.49,600.02,1223794,15934,603.022571
SPY,2025-02-24T00:00:00-05:00,602.015,603,596.5,597.22,1180194,12519,599.114971
SPY,2025-02-25T00:00:00-05:00,597.13,597.86,589.6,594.31,1368586,16633,593.554161
SPY,2025-02-26T00:00:00-05:00,596.02,599.53,591.9,594.49,1049865,12037,595.673202
SPY,2025-02-27T00:00:00-05:00,596.88,597.99,584.655,585.03,1335087,14128,590.450876
SPY,2025-02-28T00:00:00-05:00,585.36,594.71,582.46,593.895,1490853,17515,587.735741
SPY,2025-03-03T00:00:00-05:00,596.18,597.325,579.92,583.94,2034081,26996,587.625819
SPY,2025-03-04T00:00:00-05:00,579.71,585.36,572.25,576.88,2371305,24611,577.75374
SPY,2025-03-05T00:00:00-05:00,576.65,584.85,573.13,583.02,1211279,16635,579.807007
SPY,2025-03-06T00:00:00-05:00,575.485,580.105,570.13,572.73,1476769,18543,573.935449
SPY,2025-03-07T00:00:00-05:00,570.905,577.36,565.665,575.76,1350334,14861,572.025943
SPY,2025-03-10T00:00:00-04:00,567.59,569.53,555.645,560.81,1820742,18059,562.369698
SPY,2025-03-11T00:00:00-04:00,559.27,562.84,552.1,556.08,1587148,17120,557.594089
SPY,2025-03-12T00:00:00-04:00,562.19,563.065,553.74,558.92,1132263,10816,558.980394
SPY,2025-03-13T00:00:00-04:00,558.395,559.025,549.76,551.6,1018954,12524,553.360502
SPY,2025-03-14T00:00:00-04:00,556.13,563.815,555.62,562.78,1296759,13257,560.754868
SPY,2025-03-17T00:00:00-04:00,562.815,569.695,562.43,567.02,1140417,11664,566.590675
SPY,2025-03-18T00:00:00-04:00,564.79,564.79,559.1,560.92,984856,9902,560.932797
SPY,2025-03-19T00:00:00-04:00,562.83,570.88,561.64,567,1007580,13448,566.053795
SPY,2025-03-20T00:00:00-04:00,563.135,570.55,562.69,565.69,774123,10030,566.592839
SPY,2025-03-21T00:00:00-04:00,559.21,564.855,558.08,564.17,924605,10074,561.521651
SPY,2025-03-24T00:00:00-04:00,570.76,575.125,570.29,574.02,1028407,13422,573.2344
SPY,2025-03-25T00:00:00-04:00,575.4,576.35,573.73,575.405,674306,9745,574.896227
SPY,2025-03-26T00:00:00-04:00,575.205,576.21,567.205,568.75,831506,10461,570.468085
SPY,2025-03-27T00:00:00-04:00,567.185,570.89,565.01,567.03,1047705,11586,568.276128
SPY,2025-03-28T00:00:00-04:00,565.375,566.26,555.09,555.7,1260717,14412,558.322727
SPY,2025-03-31T00:00:00-04:00,549.83,560.69,546.95,559.26,1468993,15826,554.72645
SPY,2025-04-01T00:00:00-04:00,557.45,562.88,553.69,561.1,1076799,11997,558.952472
SPY,2025-04-02T00:00:00-04:00,555.08,567.37,554.845,564.63,1048952,10202,562.965073
SPY,2025-04-03T00:00:00-04:00,545.13,547.95,536.91,537.3,2350996,23287,541.577054
SPY,2025-04-04T00:00:00-04:00,523.64,525.86,505.08,505.93,3094459,25037,514.234989
SPY,2025-04-07T00:00:00-04:00,489.14,523.04,481.83,504.45,3577704,29958,502.393092
SPY,2025-04-08T00:00:00-04:00,521.95,524.98,489.28,496.6,3104777,26279,506.875167
SPY,2025-04-09T00:00:00-04:00,494.72,546.28,493.08,542.955,3649876,27371,525.441178
SPY,2025-04-10T00:00:00-04:00,532.18,533.26,509.77,524.63,2645963,19733,523.027348
SPY,2025-04-11T00:00:00-04:00,522.99,536.42,520.07,534,1427501,11758,529.73286
SPY,2025-04-14T00:00:00-04:00,544.055,544.055,533.95,538.98,1116526,10147,539.867146
SPY,2025-04-15T00:00:00-04:00,539.67,543.19,536.89,537.64,902820,11710,539.564385
SPY,2025-04-16T00:00:00-04:00,531.645,535.07,520.32,525.73,1548125,16333,527.225651
SPY,2025-04-17T00:00:00-04:00,527.53,531.15,523.93,526.34,1001155,14915,527.6155
SPY,2025-04-21T00:00:00-04:00,521.19,521.64,508.46,513.96,1160426,13331,512.86502
SPY,2025-04-22T00:00:00-04:00,520.18,529.305,519.2,526.95,1403050,13483,525.161653
SPY,2025-04-23T00:00:00-04:00,540.45,545.29,533.9,535.29,1389218,14879,539.313137
SPY,2025-04-24T00:00:00-04:00,536.69,547.2,535.6,546.44,1150893,12555,543.993435
SPY,2025-04-25T00:00:00-04:00,547.32,550.98,543.78,550.55,1160843,12406,548.483136
SPY,2025-04-28T00:00:00-04:00,551.26,553.535,545.09,551.07,775242,7432,549.610093
SPY,2025-04-29T00:00:00-04:00,548.89,555.405,548.89,554.09,818179,9673,553.183388
SPY,2025-04-30T00:00:00-04:00,547.53,556.42,541.53,554.02,1219007,12860,549.27159
SPY,2025-05-01T00:00:00-04:00,560.41,563.995,557.88,558.4,945185,9084,561.000277
SPY,2025-05-02T00:00:00-04:00,564.74,568.35,562.4,566.56,1220035,11405,566.463486
SPY,2025-05-05T00:00:00-04:00,562.6,566.65,561.74,563.57,817825,9094,564.277206
SPY,2025-05-06T00:00:00-04:00,557.935,563.32,556.98,558.73,916763,9347,560.023582
SPY,2025-05-07T00:00:00-04:00,560.2,563.77,556.05,561.19,1044086,10339,560.180188
SPY,2025-05-08T00:00:00-04:00,565.28,570.29,561.72,564.97,1328826,14560,566.660491
SPY,2025-05-09T00:00:00-04:00,566.49,567.455,562.87,564.14,592738,6961,564.631658
SPY,2025-05-12T00:00:00-04:00,581.475,583,577.12,582.93,1353696,16592,580.501819
SPY,2025-05-13T00:00:00-04:00,583.46,589.04,582.905,586.76,888874,11094,587.210358
SPY,2025-05-14T00:00:00-04:00,587.83,588.965,585.545,587.45,974895,14301,587.354659
SPY,2025-05-15T00:00:00-04:00,585.58,590.94,585.1,590.41,1140264,12278,588.059693
SPY,2025-05-16T00:00:00-04:00,591.27,594.45,589.31,594.28,803596,8718,592.268351
SPY,2025-05-19T00:00:00-04:00,588.15,595.53,588.15,594.88,786544,8899,593.158915
SPY,2025-05-20T00:00:00-04:00,593.105,594.005,589.62,592.88,788847,10333,592.294967
SPY,2025-05-21T00:00:00-04:00,588.58,592.55,581.865,582.96,1970872,22679,586.668831
SPY,2025-05-22T00:00:00-04:00,582.655,586.61,581.49,583.06,1505879,17897,584.010567
SPY,2025-05-23T00:00:00-04:00,575.87,581.77,575.65,579.2,1589824,20157,578.709075
SPY,2025-05-27T00:00:00-04:00,586.09,591.29,584.47,591.06,1414236,16279,589.10183
SPY,2025-05-28T00:00:00-04:00,591.575,592.76,587,587.8,1125721,12496,589.695169
SPY,2025-05-29T00:00:00-04:00,593.1,593.1,586.26,589.95,1244862,15550,589.552521
SPY,2025-05-30T00:00:00-04:00,588.96,591.115,583.265,589.3,1732363,18321,587.88196
SPY,2025-06-02T00:00:00-04:00,587.76,592.79,585.1,592.79,1417425,16923,589.722419
SPY,2025-06-03T00:00:00-04:00,592.43,597.07,591.86,596.12,1206006,17243,595.182402
SPY,2025-06-04T00:00:00-04:00,596.985,597.92,595.56,595.98,963574,12576,596.992225
SPY,2025-06-05T00:00:00-04:00,597.66,598.93,591.07,593.08,1880521,18902,594.997028
SPY,2025-06-06T00:00:00-04:00,598.62,600.82,596.91,598.975,1317382,16873,599.284315
SPY,2025-06-09T00:00:00-04:00,599.75,601.25,598.52,599.43,745570,9529,600.02507
SPY,2025-06-10T00:00:00-04:00,600.335,603.465,599.15,603.1,954803,12227,601.680572
SPY,2025-06-11T00:00:00-04:00,604.18,605.04,599.275,601.59,1048022,14418,602.36539
SPY,2025-06-12T00:00:00-04:00,600.02,603.72,599.57,603.72,824021,13745,602.553171
SPY,2025-06-13T00:00:00-04:00,598.54,601.84,595.52,596.78,1120893,14487,598.389526
SPY,2025-06-16T00:00:00-04:00,600.43,604.45,600.24,602.705,1279004,14626,602.779749
SPY,2025-06-17T00:00:00-04:00,600.22,601.72,596.79,597.6,1203599,14555,599.192393
SPY,2025-06-18T00:00:00-04:00,598.405,601.21,596.5,597.52,1160837,14782,598.995574
SPY,2025-06-20T00:00:00-04:00,598.385,599.44,592.9,594.18,1141672,14517,595.232721
SPY,2025-06-23T00:00:00-04:00,595.07,600.53,591.91,600.08,1198286,15389,597.31134
SPY,2025-06-24T00:00:00-04:00,604.325,607.835,603.52,606.75,1154849,14205,606.182111
SPY,2025-06-25T00:00:00-04:00,607.91,608.45,605.73,607.2,1108399,14701,607.179516
SPY,2025-06-26T00:00:00-04:00,609.02,612.31,608.39,611.91,1338082,13696,611.052463
SPY,2025-06-27T00:00:00-04:00,612.895,616.39,610.9,614.83,1601093,18120,613.948914
SPY,2025-06-30T00:00:00-04:00,617.4,619.2,615.04,617.83,1848972,21567,616.997016
SPY,2025-07-01T00:00:00-04:00,616.395,618.81,615.56,617.64,1111353,13476,617.402099
SPY,2025-07-02T00:00:00-04:00,617.29,620.47,616.64,620.425,1217070,13403,619.154623
SPY,2025-07-03T00:00:00-04:00,622.47,626.26,622.46,625.41,745013,8986,625.026198
SPY,2025-07-07T00:00:00-04:00,623.33,623.99,617.89,620.99,1106758,13573,620.822369
SPY,2025-07-08T00:00:00-04:00,621.29,622.1,619.59,620.285,1175040,14194,620.648366
SPY,2025-07-09T00:00:00-04:00,622.73,624.71,620.92,624.035,1426465,16358,622.94436
SPY,2025-07-10T00:00:00-04:00,624.22,626.87,623.04,625.955,1227230,13589,625.527766
SPY,2025-07-11T00:00:00-04:00,622.73,624.85,621.55,623.64,1267770,13429,623.938471
SPY,2025-07-14T00:00:00-04:00,623.13,625.105,621.81,624.71,789601,11595,624.140531
SPY,2025-07-15T00:00:00-04:00,627.53,627.855,622.08,622.19,1236356,13808,624.324003
SPY,2025-07-16T00:00:00-04:00,623.71,624.72,618.06,624.23,1452936,17471,622.182445
SPY,2025-07-17T00:00:00-04:00,624.32,628.4,624.21,627.98,1480188,18980,627.102052
SPY,2025-07-18T00:00:00-04:00,629.25,629.305,626.47,627.59,1096240,13779,627.619912
SPY,2025-07-21T00:00:00-04:00,628.76,631.52,628.345,628.73,1132745,12649,630.116666
SPY,2025-07-22T00:00:00-04:00,628.975,629.62,626.195,628.78,1155033,17343,628.437012
SPY,2025-07-23T00:00:00-04:00,631.54,634.16,629.755,634.16,1122298,14347,632.377992
SPY,2025-07-24T00:00:00-04:00,634.61,636.105,634.03,634.49,1163452,15382,635.169967
SPY,2025-07-25T00:00:00-04:00,635.13,637.575,634.895,637.02,1185831,13853,636.653014
SPY,2025-07-28T00:00:00-04:00,637.465,638.02,635.55,636.95,1204387,17307,636.76323
SPY,2025-07-29T00:00:00-04:00,638.35,638.63,634.365,635.26,936389,10159,635.941243
SPY,2025-07-30T00:00:00-04:00,636,637.63,631.63,634.56,1379785,17346,634.99222
SPY,2025-07-31T00:00:00-04:00,639.46,639.84,630.78,631.9,1442218,14878,635.272338
SPY,2025-08-01T00:00:00-04:00,626.33,626.33,619.31,621.74,2811106,32133,622.135746
SPY,2025-08-04T00:00:00-04:00,625.72,631.19,625.6,631.07,1152237,13591,629.618168
SPY,2025-08-05T00:00:00-04:00,631.79,632.6,627.065,628.025,971663,14629,629.045272
SPY,2025-08-06T00:00:00-04:00,629.06,633.41,628.165,632.7,858622,10661,631.772947
SPY,2025-08-07T00:00:00-04:00,636.255,636.955,629.195,632.36,1145664,12538,632.345962
SPY,2025-08-08T00:00:00-04:00,634.11,637.635,633.78,637.26,839695,10065,636.469431
SPY,2025-08-11T00:00:00-04:00,637.51,638.925,634.68,635.86,920276,10204,636.65205
SPY,2025-08-12T00:00:00-04:00,638.29,642.84,636.87,642.63,1073890,12860,641.101253
SPY,2025-08-13T00:00:00-04:00,644.87,646.15,642.725,644.92,999562,12023,644.302411
SPY,2025-08-14T00:00:00-04:00,642.805,645.62,642.36,644.9,695902,14904,644.510896
SPY,2025-08-15T00:00:00-04:00,646.06,646.06,642.63,643.52,930641,11060,643.929598
SPY,2025-08-18T00:00:00-04:00,642.855,643.91,642.2,643.21,743841,11545,643.176149
SPY,2025-08-19T00:00:00-04:00,643.155,644.1,638.53,639.75,1085544,12393,640.499137
SPY,2025-08-20T00:00:00-04:00,639.39,639.6,632.96,637.92,1484005,16390,636.610123
SPY,2025-08-21T00:00:00-04:00,636.22,637.955,633.87,635.63,748921,8324,635.910966
SPY,2025-08-22T00:00:00-04:00,637.755,646.49,637.3,645.31,1552404,16352,644.591003
SPY,2025-08-25T00:00:00-04:00,644.01,645.28,642.43,642.55,930938,10430,644.003023
SPY,2025-08-26T00:00:00-04:00,642.1,645.51,641.57,645.16,841072,8799,643.626636
SPY,2025-08-27T00:00:00-04:00,644.555,647.37,644.46,646.61,983313,10978,646.44907
SPY,2025-08-28T00:00:00-04:00,647.165,649.47,645.365,648.94,1274610,10891,648.05725
SPY,2025-08-29T00:00:00-04:00,647.455,647.82,643.195,645.03,1567462,16587,644.681974
SPY,2025-09-02T00:00:00-04:00,637.5,640.45,634.96,640.4,1128392,11558,638.194626
SPY,2025-09-03T00:00:00-04:00,642.78,644.21,640.5,643.605,1261642,14941,642.392107
SPY,2025-09-04T00:00:00-04:00,644.43,649.14,643.53,649.02,1525098,16052,646.985878
SPY,2025-09-05T00:00:00-04:00,651.455,652.2,643.4,647.22,1502714,15402,647.269032
SPY,2025-09-08T00:00:00-04:00,648.645,649.815,647.265,648.78,1164606,13377,648.516895
SPY,2025-09-09T00:00:00-04:00,648.945,650.845,647.28,650.26,1066471,11082,649.386565
SPY,2025-09-10T00:00:00-04:00,653.625,654.55,650.64,652.28,1367239,18331,652.653813
SPY,2025-09-11T00:00:00-04:00,654.25,658.32,653.625,657.55,1799918,18340,657.051001
SPY,2025-09-12T00:00:00-04:00,657.59,659.08,656.93,657.535,1822008,15996,657.988288
SPY,2025-09-15T00:00:00-04:00,659.58,660.995,659.38,660.85,1240180,14422,660.311834
SPY,2025-09-16T00:00:00-04:00,661.47,661.7,659.23,659.93,1249852,14555,660.212817
SPY,2025-09-17T00:00:00-04:00,660.04,661.68,654.33,659.36,1554851,15864,658.881445
SPY,2025-09-18T00:00:00-04:00,661.9,664.88,660.29,662.26,1602411,20402,662.879586
SPY,2025-09-19T00:00:00-04:00,662.305,664.55,660.37,663.54,1981962,22648,662.825851
SPY,2025-09-22T00:00:00-04:00,662.21,667.28,662.205,666.77,1670891,17897,665.479671
SPY,2025-09-23T00:00:00-04:00,666.73,667.34,662,663.26,1612174,18687,664.522415
SPY,2025-09-24T00:00:00-04:00,664.48,664.575,659.685,661.07,1262284,15917,661.572001
SPY,2025-09-25T00:00:00-04:00,657.93,659.39,654.42,657.79,1323167,17410,657.404372
SPY,2025-09-26T00:00:00-04:00,659.505,662.35,657.93,661.775,1232100,15829,660.648993
SPY,2025-09-29T00:00:00-04:00,664.375,665.17,661.89,663.65,1550736,16408,663.494592
SPY,2025-09-30T00:00:00-04:00,662.91,666.65,661.625,666.06,1435659,14819,664.066352
SPY,2025-10-01T00:00:00-04:00,663.195,669.37,663.09,668.535,1375663,15101,667.204198
SPY,2025-10-02T00:00:00-04:00,670.455,670.55,666.815,669.15,1276773,13112,668.857387
SPY,2025-10-03T00:00:00-04:00,670.005,672.66,668.17,669.21,1396816,14962,670.59335
SPY,2025-10-06T00:00:00-04:00,671.625,672.5,669.48,671.585,1210989,13553,671.366384
SPY,2025-10-07T00:00:00-04:00,672.55,672.99,667.695,669.14,1359694,14159,669.548601
SPY,2025-10-08T00:00:00-04:00,670.285,673.17,669.5,673.06,1039092,10956,672.141109
SPY,2025-10-09T00:00:00-04:00,673.52,673.93,669.23,671.19,1059480,10685,670.984041
SPY,2025-10-10T00:00:00-04:00,672.145,673.89,652.87,653.275,2226230,21818,661.517566
SPY,2025-10-13T00:00:00-04:00,660.695,664.6,659.8,663.065,1395785,16702,662.504007
SPY,2025-10-14T00:00:00-04:00,657.17,665.79,653.24,662.255,1403065,15646,661.166818
SPY,2025-10-15T00:00:00-04:00,666.775,670.2,658.99,665.08,1369827,14047,665.397374
SPY,2025-10-16T00:00:00-04:00,666.835,668.62,657.18,660.79,1654772,16840,662.465651
SPY,2025-10-17T00:00:00-04:00,659.53,665.74,658.18,664.3,1179391,14330,662.273699
SPY,2025-10-20T00:00:00-04:00,667.305,672.2,667.3,671.27,995461,14231,670.871943
SPY,2025-10-21T00:00:00-04:00,671.35,672.99,670,671.26,1009506,12589,671.889775
SPY,2025-10-22T00:00:00-04:00,671.68,671.8,663.39,667.82,1017536,12645,667.421244
SPY,2025-10-23T00:00:00-04:00,668.12,672.71,667.88,671.525,1075599,11650,671.107511
SPY,2025-10-24T00:00:00-04:00,676.425,678.47,675.68,677.1,1158020,13402,677.585895
SPY,2025-10-27T00:00:00-04:00,682.72,685.54,682.115,685.215,1414474,15890,684.030768
SPY,2025-10-28T00:00:00-04:00,687.04,688.905,684.865,686.97,1318898,13876,686.931884
SPY,2025-10-29T00:00:00-04:00,688.72,689.69,682.91,687.315,1820620,19188,687.385532
SPY,2025-10-30T00:00:00-04:00,683.68,685.935,679.885,680.1,1168362,14445,682.769922
SPY,2025-10-31T00:00:00-04:00,684.98,685.065,679.29,682.03,1444709,14264,682.717279
SPY,2025-11-03T00:00:00-05:00,685.67,685.77,679.97,683.37,968746,16872,682.989246
SPY,2025-11-04T00:00:00-05:00,676.08,679.95,674.59,675.31,1579563,23746,676.424862
SPY,2025-11-05T00:00:00-05:00,674.955,680.85,674.22,677.49,1164923,18077,678.821102
SPY,2025-11-06T00:00:00-05:00,676.535,677.35,668.77,670.24,1603634,24815,671.966432
SPY,2025-11-07T00:00:00-05:00,667.885,671.06,661.24,670.92,1894028,29323,666.097159
SPY,2025-11-10T00:00:00-05:00,677.24,682.17,675.14,681.31,1437682,22383,679.539933
SPY,2025-11-11T00:00:00-05:00,679.945,683.56,678.75,682.9,943641,16908,681.806442
SPY,2025-11-12T00:00:00-05:00,684.84,684.95,680.98,683.32,1286225,20025,683.189848
SPY,2025-11-13T00:00:00-05:00,680.495,680.85,670.54,672.07,1686978,22917,674.178919
SPY,2025-11-14T00:00:00-05:00,665.36,675.655,663.28,671.935,1363032,21108,671.669166
SPY,2025-11-17T00:00:00-05:00,669.655,673.68,662.2,665.72,1439197,23595,667.304225
SPY,2025-11-18T00:00:00-05:00,661.925,665.06,655.91,660.16,2245731,34179,661.416942
SPY,2025-11-19T00:00:00-05:00,660.78,667.34,658.77,662.68,1471719,23889,662.587872
SPY,2025-11-20T00:00:00-05:00,672.945,675.54,651.89,652.42,3199694,48037,660.816203
SPY,2025-11-21T00:00:00-05:00,654.72,664.52,650.86,659.15,1680117,19699,657.385101
SPY,2025-11-24T00:00:00-05:00,662.645,670.045,661.64,668.82,1284399,16946,667.645761
SPY,2025-11-25T00:00:00-05:00,668.625,676.19,664.52,675,895760,12771,671.397857
SPY,2025-11-26T00:00:00-05:00,677.625,681.69,676.81,679.64,780390,13256,680.038856
SPY,2025-11-28T00:00:00-05:00,680.88,683.645,680.555,683.36,698369,12246,682.291414
SPY,2025-12-01T00:00:00-05:00,678.825,682.99,678.74,680.255,1011551,13304,680.577541
SPY,2025-12-02T00:00:00-05:00,681.82,683.82,679.39,681.44,770220,14060,681.884817
SPY,2025-12-03T00:00:00-05:00,680.56,684.9,679.74,683.81,808176,13719,683.4437
SPY,2025-12-04T00:00:00-05:00,685.3,685.32,681.4,684.495,728020,11978,683.535196
SPY,2025-12-05T00:00:00-05:00,685.48,688.385,684.59,685.62,901415,12709,685.99568
SPY,2025-12-08T00:00:00-05:00,686.46,686.59,681.59,683.68,946326,17663,683.435332
SPY,2025-12-09T00:00:00-05:00,683.11,685.37,682.62,683.03,1073483,21470,683.742638
SPY,2025-12-10T00:00:00-05:00,682.525,688.96,681.32,687.59,1579236,27191,685.430912
SPY,2025-12-11T00:00:00-05:00,685.14,689.23,682.31,689.15,1239671,21472,687.058138
SPY,2025-12-12T00:00:00-05:00,688.185,688.865,679.18,681.8,1269024,22996,682.609609
SPY,2025-12-15T00:00:00-05:00,685.745,685.745,679.28,680.715,1203309,22639,681.280879
SPY,2025-12-16T00:00:00-05:00,679.09,681.04,675.01,678.86,1592313,29556,678.431573
SPY,2025-12-17T00:00:00-05:00,679.77,680.385,671.2,671.43,1053974,18742,673.811344
SPY,2025-12-18T00:00:00-05:00,677.59,680.7,674.91,676.515,1343555,28308,677.835245
SPY,2025-12-19T00:00:00-05:00,676.61,681.09,676.475,680.52,1591366,27721,680.126224
SPY,2025-12-22T00:00:00-05:00,683.925,685.3,682.715,684.71,1100367,16883,684.500901
SPY,2025-12-23T00:00:00-05:00,683.895,688.19,683.88,687.91,910769,15473,687.060804
SPY,2025-12-24T00:00:00-05:00,687.92,690.82,687.83,690.27,508573,8796,689.873397
SPY,2025-12-26T00:00:00-05:00,690.555,691.615,689.34,690.26,475363,6696,690.377343
SPY,2025-12-29T00:00:00-05:00,687.565,689.18,686.1,687.975,994838,16756,687.683155
SPY,2025-12-30T00:00:00-05:00,687.43,688.55,686.58,686.93,1056176,15164,687.510017
SPY,2025-12-31T00:00:00-05:00,687.145,687.35,681.72,681.82,1205920,18817,683.982106
SPY,2026-01-02T00:00:00-05:00,685.51,686.87,679.88,683.33,1049269,15751,683.15568
SPY,2026-01-05T00:00:00-05:00,686.51,689.43,686.385,687.73,1228667,18406,687.970632
SPY,2026-01-06T00:00:00-05:00,687.92,692.3,687.8,691.81,1513700,25281,690.81407
SPY,2026-01-07T00:00:00-05:00,692.185,693.95,689.35,689.64,1472466,22097,691.542984
SPY,2026-01-08T00:00:00-05:00,688.795,690.59,687.495,689.44,1531855,22302,689.316881
SPY,2026-01-09T00:00:00-05:00,690.6,695.295,689.21,694.005,1619127,23936,693.642228
SPY,2026-01-12T00:00:00-05:00,690.68,696.07,690.68,695.185,1379119,22633,694.536192
SPY,2026-01-13T00:00:00-05:00,695.44,696.08,691.4,693.71,1516329,22115,693.351376
SPY,2026-01-14T00:00:00-05:00,690.9,691.68,686.17,690.62,1623287,24543,688.607234
SPY,2026-01-15T00:00:00-05:00,694.6,695.44,691.28,692.18,1763355,31312,693.493849
SPY,2026-01-16T00:00:00-05:00,693.68,694.23,690.13,691.58,1267886,19543,692.323594
SPY,2026-01-20T00:00:00-05:00,681.52,684.74,676.58,677.66,1121802,18254,679.617988
SPY,2026-01-21T00:00:00-05:00,679.35,688.725,678.165,685.34,2214904,43988,683.623164
SPY,2026-01-22T00:00:00-05:00,689.85,691.08,686.94,688.96,979114,18279,689.345236
SPY,2026-01-23T00:00:00-05:00,688.1,690.955,687.18,689.2,1105712,18071,689.307021
SPY,2026-01-26T00:00:00-05:00,690.485,694.12,689.95,692.755,1235263,19176,693.009073
SPY,2026-01-27T00:00:00-05:00,694.15,696.515,693.58,695.53,1298406,20064,695.684681
SPY,2026-01-28T00:00:00-05:00,697.02,697.825,694.16,695.39,915857,15183,695.818064
SPY,2026-01-29T00:00:00-05:00,696.345,697.06,684.85,693.965,1448351,19606,690.88884
SPY,2026-01-30T00:00:00-05:00,691.84,694.17,687.17,691.8,1391309,19811,691.378873
SPY,2026-02-02T00:00:00-05:00,689.62,696.93,689.445,695.39,1805145,26454,695.350797
SPY,2026-02-03T00:00:00-05:00,696.225,696.945,684.035,689.435,1826631,26832,689.095383
SPY,2026-02-04T00:00:00-05:00,690.29,691.4,681.78,686.1,1834820,27151,686.553677
SPY,2026-02-05T00:00:00-05:00,680.78,683.64,675.81,677.44,1556860,21285,679.126892
SPY,2026-02-06T00:00:00-05:00,681.435,692.29,681.14,690.72,1801352,29206,688.3111
SPY,2026-02-09T00:00:00-05:00,689.47,695.855,688.39,694,1039359,18419,694.090494
SPY,2026-02-10T00:00:00-05:00,694.91,696.53,691.66,692.11,1087464,17112,693.708631
SPY,2026-02-11T00:00:00-05:00,696.435,697.08,689.22,691.81,1054954,17076,692.670327
SPY,2026-02-12T00:00:00-05:00,694.23,695.34,680.4,681.19,1558444,23369,685.314959
SPY,2026-02-13T00:00:00-05:00,681.695,686.26,677.53,681.61,1893959,30179,682.830701
SPY,2026-02-17T00:00:00-05:00,680.15,684.92,675.79,682.76,962881,14391,681.292521
SPY,2026-02-18T00:00:00-05:00,683.87,689.14,682.87,686.19,1657083,26552,686.634421
SPY,2026-02-19T00:00:00-05:00,683.85,686.135,681.59,684.505,1404841,24236,683.683337
SPY,2026-02-20T00:00:00-05:00,682.23,690.06,681.865,689.44,1325238,21995,687.551704
SPY,2026-02-23T00:00:00-05:00,687.805,690,680.385,682.39,1548756,23975,682.459307
SPY,2026-02-24T00:00:00-05:00,681.52,688.325,680,687.37,1287317,20653,686.406409
SPY,2026-02-25T00:00:00-05:00,690.14,693.66,690.14,693.1,711288,9789,692.456438
SPY,2026-02-26T00:00:00-05:00,693.12,693.175,684.37,689.32,1078975,17592,688.185073
SPY,2026-02-27T00:00:00-05:00,682.995,686.85,681.66,686.16,2640484,38906,684.733904
SPY,2026-03-02T00:00:00-05:00,678.73,688.59,678.03,686.35,2232660,34158,685.55692
SPY,2026-03-03T00:00:00-05:00,675.03,682.58,669.675,680.29,3334744,42680,676.589236
SPY,2026-03-04T00:00:00-05:00,681.69,687.085,679.63,685.13,2450782,38499,685.500662
SPY,2026-03-05T00:00:00-05:00,682.09,685.51,675.63,681.405,1852096,27400,679.994612
SPY,2026-03-06T00:00:00-05:00,673.41,676.1,669.78,672.44,1731167,24143,673.315502
SPY,2026-03-09T00:00:00-04:00,666.38,679.88,662.42,678.3,2019689,28715,670.66981
SPY,2026-03-10T00:00:00-04:00,677.68,683.33,674.81,677.13,1327363,18418,679.118475
SPY,2026-03-11T00:00:00-04:00,677.68,680.06,673.36,676.34,855049,14550,675.817677
SPY,2026-03-12T00:00:00-04:00,671.115,671.63,665.91,666.05,1851720,26131,668.341524
SPY,2026-03-13T00:00:00-04:00,669.24,672.335,661.37,662.3,1905066,30745,664.606907
SPY,2026-03-16T00:00:00-04:00,668.41,672.05,667.16,668.97,2121754,33592,669.366422
SPY,2026-03-17T00:00:00-04:00,672.375,674.4,670.09,670.75,1035443,15171,671.710501
SPY,2026-03-18T00:00:00-04:00,668.35,669.65,661.23,661.54,1836272,28225,665.038607
SPY,2026-03-19T00:00:00-04:00,656.63,662.93,655.2,659.87,1086895,19508,658.385113
SPY,2026-03-20T00:00:00-04:00,656.495,656.65,644.75,648.48,2140888,30469,649.526853
SPY,2026-03-23T00:00:00-04:00,658.06,662.605,653.94,655.37,2318783,33310,658.08574
SPY,2026-03-24T00:00:00-04:00,651.295,657.03,649.92,653.2,1746221,27753,653.997597
SPY,2026-03-25T00:00:00-04:00,658.665,660.83,654.27,656.74,1379333,27298,657.347264
SPY,2026-03-26T00:00:00-04:00,652.02,654.82,644.83,645.11,901469,16669,648.855295
SPY,2026-03-27T00:00:00-04:00,642.475,642.61,633.105,634.04,1640085,27175,637.156357
SPY,2026-03-30T00:00:00-04:00,639.86,640.28,629.29,632.02,1812294,33774,634.127681
SPY,2026-03-31T00:00:00-04:00,638.905,651.5,638.01,650.12,2822238,41364,646.053242
